dataset,experiment,fig4,fig5d,fig5e,fold,individual,f1,precision,recall
vehkaoja_dogs,harnet_nogyr,True,True,False,1,0,0.8954223138860713,0.8887310659944674,0.9389365062623706
vehkaoja_dogs,harnet_nogyr,True,True,False,1,1,0.8732722488601028,0.8664190551225519,0.8902851264144552
vehkaoja_dogs,harnet_nogyr,True,True,False,1,2,0.7004248985382271,0.7464762867626327,0.7073864520346802
vehkaoja_dogs,harnet_nogyr,True,True,False,1,3,0.8916845645626783,0.898060262230248,0.8911022833797052
vehkaoja_dogs,harnet_nogyr,True,True,False,1,4,0.8313117324609132,0.8749836879651991,0.8247454880112955
vehkaoja_dogs,harnet_nogyr,True,True,False,1,5,0.7172033205702246,0.8032914800652103,0.7469267842097141
vehkaoja_dogs,harnet_nogyr,True,True,False,1,6,0.777564202752967,0.8455628618283786,0.8896799678520196
vehkaoja_dogs,harnet_nogyr,True,True,False,1,7,0.563197494140054,0.5779289631707385,0.6055699511109331
vehkaoja_dogs,harnet_nogyr,True,True,False,1,8,0.7285489779893701,0.7539076707389065,0.7605810895394597
vehkaoja_dogs,harnet_nogyr,True,True,False,2,9,0.7759765492911931,0.773571567566612,0.798354268967429
vehkaoja_dogs,harnet_nogyr,True,True,False,2,10,0.8359877428959673,0.8668709113767396,0.8370448036003182
vehkaoja_dogs,harnet_nogyr,True,True,False,2,11,0.7352846656749505,0.7455684795738292,0.8524587707719504
vehkaoja_dogs,harnet_nogyr,True,True,False,2,12,0.8791052608273396,0.8826008349704711,0.8848659899161073
vehkaoja_dogs,harnet_nogyr,True,True,False,2,13,0.8097387486138331,0.8452139265285329,0.8220342954521945
vehkaoja_dogs,harnet_nogyr,True,True,False,2,14,0.8026969458011904,0.84109519678276,0.7977177229268165
vehkaoja_dogs,harnet_nogyr,True,True,False,2,15,0.8540036435633941,0.8587231723549379,0.8523889592122003
vehkaoja_dogs,harnet_nogyr,True,True,False,2,16,0.8759637116141268,0.8882984354381094,0.900801376168344
vehkaoja_dogs,harnet_nogyr,True,True,False,2,17,0.8081178122389222,0.8330540988569634,0.8176836916541345
vehkaoja_dogs,harnet_nogyr,True,True,False,3,18,0.7854138136300164,0.7811270649707157,0.901840090519861
vehkaoja_dogs,harnet_nogyr,True,True,False,3,19,0.9552655075507931,0.948895141665864,0.9628925705875596
vehkaoja_dogs,harnet_nogyr,True,True,False,3,20,0.7535256088212137,0.741696595444197,0.8898763696042399
vehkaoja_dogs,harnet_nogyr,True,True,False,3,21,0.7247797804490174,0.7655288824983206,0.8019203546936307
vehkaoja_dogs,harnet_nogyr,True,True,False,3,22,0.849646368498025,0.8615988888483674,0.8425725965930915
vehkaoja_dogs,harnet_nogyr,True,True,False,3,23,0.9360449510943709,0.9337902148777162,0.9420412304737963
vehkaoja_dogs,harnet_nogyr,True,True,False,3,24,0.7143377651119743,0.764386740771737,0.8276201555253472
vehkaoja_dogs,harnet_nogyr,True,True,False,3,25,0.9044870291003385,0.9259523842682039,0.88952402945033
vehkaoja_dogs,harnet_nogyr,True,True,False,3,26,0.8944562898394715,0.8919913741087178,0.9486713772670115
vehkaoja_dogs,harnet_nogyr,True,True,False,4,27,0.8999182865333156,0.9142340774818365,0.9118598095840621
vehkaoja_dogs,harnet_nogyr,True,True,False,4,28,0.9686751136384714,0.9667360558795676,0.9715573751387532
vehkaoja_dogs,harnet_nogyr,True,True,False,4,29,0.918224994678421,0.9349022373370428,0.9160381693581879
vehkaoja_dogs,harnet_nogyr,True,True,False,4,30,0.7101421312604236,0.7471644259200846,0.8163691895890632
vehkaoja_dogs,harnet_nogyr,True,True,False,4,31,0.8778499155430246,0.8751553340956787,0.8855774661507653
vehkaoja_dogs,harnet_nogyr,True,True,False,4,32,0.7400740107886314,0.772687308011523,0.8952896781404902
vehkaoja_dogs,harnet_nogyr,True,True,False,4,33,0.8129455385509883,0.8626372243643762,0.8153739457663846
vehkaoja_dogs,harnet_nogyr,True,True,False,4,34,0.8410906053807491,0.8370775565533592,0.8498672333835128
vehkaoja_dogs,harnet_nogyr,True,True,False,4,35,0.8566057207960415,0.8471958049040599,0.8741147404411603
vehkaoja_dogs,CRNN,True,False,False,1,0,0.9157453804962724,0.9027752835744779,0.9517397642372647
vehkaoja_dogs,CRNN,True,False,False,1,1,0.8737410093579977,0.8747861514389569,0.8850801601301108
vehkaoja_dogs,CRNN,True,False,False,1,2,0.6935232869638376,0.7719139859117754,0.6871130017718298
vehkaoja_dogs,CRNN,True,False,False,1,3,0.7396401060177493,0.7544496047196421,0.756546982720441
vehkaoja_dogs,CRNN,True,False,False,1,4,0.7898848986340465,0.8212848599519404,0.8019412518229271
vehkaoja_dogs,CRNN,True,False,False,1,5,0.6481055731185602,0.6487546938991925,0.7025371638472219
vehkaoja_dogs,CRNN,True,False,False,1,6,0.6601793884132345,0.6981841550770652,0.807165409173044
vehkaoja_dogs,CRNN,True,False,False,1,7,0.5445159259338875,0.5561107329667465,0.6000157765104717
vehkaoja_dogs,CRNN,True,False,False,1,8,0.7183659883265429,0.762606784890817,0.7581346742856248
vehkaoja_dogs,CRNN,True,False,False,2,9,0.6353790065582712,0.7040171113648064,0.6634503314196495
vehkaoja_dogs,CRNN,True,False,False,2,10,0.8150172822361632,0.8363778536755312,0.8287578749620789
vehkaoja_dogs,CRNN,True,False,False,2,11,0.6886781139911051,0.7245994941711549,0.8036676944312695
vehkaoja_dogs,CRNN,True,False,False,2,12,0.9132490285147181,0.921702049018914,0.9132909295759796
vehkaoja_dogs,CRNN,True,False,False,2,13,0.8421442622826878,0.8920051876665106,0.8337501301739426
vehkaoja_dogs,CRNN,True,False,False,2,14,0.8074412940707187,0.8474235366025518,0.8015069041627897
vehkaoja_dogs,CRNN,True,False,False,2,15,0.8190842541914328,0.8255881286746253,0.8158098283972696
vehkaoja_dogs,CRNN,True,False,False,2,16,0.8515202930403848,0.8725535256146614,0.9039129610319176
vehkaoja_dogs,CRNN,True,False,False,2,17,0.7560417747373861,0.7591779868802337,0.7907844081856618
vehkaoja_dogs,CRNN,True,False,False,3,18,0.7091662297995027,0.7706130744079736,0.8214377152337168
vehkaoja_dogs,CRNN,True,False,False,3,19,0.9612452047073211,0.9564927307957029,0.9665717570038006
vehkaoja_dogs,CRNN,True,False,False,3,20,0.7131388679625064,0.7160035775326175,0.8750147208887694
vehkaoja_dogs,CRNN,True,False,False,3,21,0.7554046898189035,0.804030002400835,0.7815382048344418
vehkaoja_dogs,CRNN,True,False,False,3,22,0.8007829641807042,0.8240426064913348,0.8045714428921724
vehkaoja_dogs,CRNN,True,False,False,3,23,0.823679772135749,0.8348830595525505,0.8459778893415343
vehkaoja_dogs,CRNN,True,False,False,3,24,0.698808247813728,0.7319492320046334,0.7859589787444186
vehkaoja_dogs,CRNN,True,False,False,3,25,0.9007570207524584,0.8992864977243364,0.9027550744456915
vehkaoja_dogs,CRNN,True,False,False,3,26,0.9594544326530797,0.9618574337946734,0.9586710277899987
vehkaoja_dogs,CRNN,True,False,False,4,27,0.8528393855826774,0.8780259222864156,0.8665668527461237
vehkaoja_dogs,CRNN,True,False,False,4,28,0.9617422029433093,0.9614805732396924,0.9633320387590042
vehkaoja_dogs,CRNN,True,False,False,4,29,0.7214936215465998,0.7620177147174902,0.7600389761812875
vehkaoja_dogs,CRNN,True,False,False,4,30,0.6606365649573399,0.6728865679370691,0.7907829619037188
vehkaoja_dogs,CRNN,True,False,False,4,31,0.789041301798174,0.7943257951725416,0.8190306780913137
vehkaoja_dogs,CRNN,True,False,False,4,32,0.7499136324509291,0.7809392348592747,0.8906449322616626
vehkaoja_dogs,CRNN,True,False,False,4,33,0.7770469065259207,0.8035682372626423,0.7906806283014458
vehkaoja_dogs,CRNN,True,False,False,4,34,0.6566952748813525,0.6621275714007202,0.6820328764063351
vehkaoja_dogs,CRNN,True,False,False,4,35,0.8200715811037322,0.8155520740134587,0.8435207211726162
vehkaoja_dogs,CNN,True,False,False,1,0,0.8197328594656313,0.8405566944205123,0.8749824826130513
vehkaoja_dogs,CNN,True,False,False,1,1,0.7891253557634499,0.8010441696541943,0.8145497029488387
vehkaoja_dogs,CNN,True,False,False,1,2,0.6159366836907693,0.6829345633399639,0.6229881731921499
vehkaoja_dogs,CNN,True,False,False,1,3,0.7360033743002959,0.7639447557324863,0.7449977588478046
vehkaoja_dogs,CNN,True,False,False,1,4,0.6965310211797906,0.7464334547566238,0.7104270384996346
vehkaoja_dogs,CNN,True,False,False,1,5,0.563462106529704,0.6092283350355227,0.614694192743867
vehkaoja_dogs,CNN,True,False,False,1,6,0.6702273221906022,0.7301442920900275,0.8005217557588548
vehkaoja_dogs,CNN,True,False,False,1,7,0.44409364669297896,0.4702120309777179,0.5030839380681602
vehkaoja_dogs,CNN,True,False,False,1,8,0.7067743242406395,0.750096675161631,0.7313899703787825
vehkaoja_dogs,CNN,True,False,False,2,9,0.6388755405347673,0.6578055431824301,0.6531272873376469
vehkaoja_dogs,CNN,True,False,False,2,10,0.7189792801588862,0.7756494108527536,0.762683776681196
vehkaoja_dogs,CNN,True,False,False,2,11,0.6532903961283236,0.657683328527592,0.7503243591269069
vehkaoja_dogs,CNN,True,False,False,2,12,0.9029897016961731,0.9033115795132624,0.9052827612016278
vehkaoja_dogs,CNN,True,False,False,2,13,0.7551868807124762,0.7750369094397943,0.7740355504479338
vehkaoja_dogs,CNN,True,False,False,2,14,0.7822615049584223,0.7852886146010936,0.7905234693216731
vehkaoja_dogs,CNN,True,False,False,2,15,0.7631886123974659,0.760799740094246,0.7728351843227947
vehkaoja_dogs,CNN,True,False,False,2,16,0.7210475074268246,0.7968667934657379,0.7576924755941555
vehkaoja_dogs,CNN,True,False,False,2,17,0.6800985687549498,0.7510245033863204,0.6966826322088937
vehkaoja_dogs,CNN,True,False,False,3,18,0.6861455029112422,0.7126603718970407,0.8467787317650799
vehkaoja_dogs,CNN,True,False,False,3,19,0.9027195897963277,0.9017207468612974,0.9067427148110059
vehkaoja_dogs,CNN,True,False,False,3,20,0.6770387874643107,0.6841583235726733,0.8234301665584423
vehkaoja_dogs,CNN,True,False,False,3,21,0.6684438506885679,0.7013946953474851,0.7301294812934963
vehkaoja_dogs,CNN,True,False,False,3,22,0.7963380400730075,0.8362427667390165,0.7892865951443632
vehkaoja_dogs,CNN,True,False,False,3,23,0.8267660956697364,0.835282215133154,0.8563533712789798
vehkaoja_dogs,CNN,True,False,False,3,24,0.5967532398453732,0.6164307405976724,0.7320002667400393
vehkaoja_dogs,CNN,True,False,False,3,25,0.8541447271132262,0.8627493253189179,0.8770449666600094
vehkaoja_dogs,CNN,True,False,False,3,26,0.8841276883703635,0.8749985699415916,0.9247037811401334
vehkaoja_dogs,CNN,True,False,False,4,27,0.807019923333362,0.8409015124512301,0.8267710027544165
vehkaoja_dogs,CNN,True,False,False,4,28,0.9630238035862179,0.9623526418658422,0.9640315659556346
vehkaoja_dogs,CNN,True,False,False,4,29,0.8393380754367894,0.8528389666280076,0.8536322039169032
vehkaoja_dogs,CNN,True,False,False,4,30,0.5956292259527357,0.6370285984077348,0.7096848743193281
vehkaoja_dogs,CNN,True,False,False,4,31,0.753460767223547,0.7458292480028796,0.8085459688674317
vehkaoja_dogs,CNN,True,False,False,4,32,0.7500482104319889,0.7645925928051923,0.8982925011202066
vehkaoja_dogs,CNN,True,False,False,4,33,0.7727609130753841,0.8255777312627406,0.7743068069851304
vehkaoja_dogs,CNN,True,False,False,4,34,0.6902500645358075,0.7119260687190857,0.7029542168375557
vehkaoja_dogs,CNN,True,False,False,4,35,0.7835434241711016,0.7955009269554193,0.8029739386187781
vehkaoja_dogs,dt,True,False,False,1,0,0.7873092534405557,0.7826220664135122,0.8181235448888894
vehkaoja_dogs,dt,True,False,False,1,1,0.7054116692231186,0.7151174089024924,0.7351311452645682
vehkaoja_dogs,dt,True,False,False,1,2,0.6227864954710113,0.6835296843438502,0.6117439467257832
vehkaoja_dogs,dt,True,False,False,1,3,0.6609948721370497,0.6766382513920732,0.6686119568535592
vehkaoja_dogs,dt,True,False,False,1,4,0.6858155103599864,0.7039440292880091,0.7042151417612008
vehkaoja_dogs,dt,True,False,False,1,5,0.5442484601261529,0.5599503026378314,0.5776130241820537
vehkaoja_dogs,dt,True,False,False,1,6,0.6932084613690859,0.7001944156646616,0.8027247471245604
vehkaoja_dogs,dt,True,False,False,1,7,0.4838408353695296,0.5105990174759018,0.5205485249666458
vehkaoja_dogs,dt,True,False,False,1,8,0.6199858167304777,0.6200485140676666,0.6510702378651329
vehkaoja_dogs,dt,True,False,False,2,9,0.5294345934889345,0.5606577185656001,0.5612486366743344
vehkaoja_dogs,dt,True,False,False,2,10,0.6748775605246345,0.6944910598964682,0.6930462158419676
vehkaoja_dogs,dt,True,False,False,2,11,0.6276974714198491,0.6395353251378991,0.7601330772930663
vehkaoja_dogs,dt,True,False,False,2,12,0.7483279357329585,0.7570685978960774,0.7568933332173988
vehkaoja_dogs,dt,True,False,False,2,13,0.6791806446201187,0.69629573843984,0.6890142185889855
vehkaoja_dogs,dt,True,False,False,2,14,0.7063307105785052,0.713587775785487,0.715537963636
vehkaoja_dogs,dt,True,False,False,2,15,0.6824297335446944,0.6835114243992557,0.6905364428448616
vehkaoja_dogs,dt,True,False,False,2,16,0.6193316636103214,0.626938892629143,0.6495609222935965
vehkaoja_dogs,dt,True,False,False,2,17,0.560233018333056,0.5750618453620902,0.5847776039395254
vehkaoja_dogs,dt,True,False,False,3,18,0.6990469909207353,0.7279275429303784,0.8238289886339412
vehkaoja_dogs,dt,True,False,False,3,19,0.8387178037033567,0.8402562544245634,0.8426681014976435
vehkaoja_dogs,dt,True,False,False,3,20,0.6011190332585972,0.6022034095978358,0.7460482107523944
vehkaoja_dogs,dt,True,False,False,3,21,0.6927770226277632,0.7222837019263506,0.6944533951994515
vehkaoja_dogs,dt,True,False,False,3,22,0.6833172767282822,0.7024489574125198,0.7026885027340334
vehkaoja_dogs,dt,True,False,False,3,23,0.7187313349265266,0.7352872654177937,0.7326151898105145
vehkaoja_dogs,dt,True,False,False,3,24,0.6046199644387575,0.6398499840036502,0.7367815825686346
vehkaoja_dogs,dt,True,False,False,3,25,0.645270280754249,0.6386015145009257,0.7130183593332453
vehkaoja_dogs,dt,True,False,False,3,26,0.80596717911079,0.8258636238450859,0.8278171510565907
vehkaoja_dogs,dt,True,False,False,4,27,0.7227476712795423,0.7500066690068151,0.7403500852561545
vehkaoja_dogs,dt,True,False,False,4,28,0.8653985609209862,0.8657281668556713,0.8697500314441925
vehkaoja_dogs,dt,True,False,False,4,29,0.6977035715968132,0.7442526497334174,0.6956443159395955
vehkaoja_dogs,dt,True,False,False,4,30,0.605836610203379,0.6316629489959232,0.7094704681453904
vehkaoja_dogs,dt,True,False,False,4,31,0.6765823424479308,0.6695256817173303,0.7112826233042373
vehkaoja_dogs,dt,True,False,False,4,32,0.7007726717133975,0.7147500807737335,0.8408780279251268
vehkaoja_dogs,dt,True,False,False,4,33,0.6218570551201968,0.6461298835137618,0.6468327007765993
vehkaoja_dogs,dt,True,False,False,4,34,0.5933589841838092,0.6777692324719504,0.6050275270338753
vehkaoja_dogs,dt,True,False,False,4,35,0.749508496990874,0.7482370428974218,0.7696435256968623
vehkaoja_dogs,rf,True,False,False,1,0,0.8458545010624704,0.8697323621442057,0.8492287163204639
vehkaoja_dogs,rf,True,False,False,1,1,0.7811606482800325,0.8229536892599983,0.7949748322616462
vehkaoja_dogs,rf,True,False,False,1,2,0.6583150259149905,0.7630400449153271,0.663376115138231
vehkaoja_dogs,rf,True,False,False,1,3,0.847212861713036,0.8564889662373049,0.8535109373146916
vehkaoja_dogs,rf,True,False,False,1,4,0.7903108812260872,0.845172807173702,0.7938053661377672
vehkaoja_dogs,rf,True,False,False,1,5,0.6382799078160905,0.6745791506824275,0.6816525117915669
vehkaoja_dogs,rf,True,False,False,1,6,0.6863749557506811,0.7512668601272797,0.7978742137333691
vehkaoja_dogs,rf,True,False,False,1,7,0.5606197556050101,0.5787257209789419,0.6028965429957492
vehkaoja_dogs,rf,True,False,False,1,8,0.6697167484833307,0.6766661747420963,0.6928431460812241
vehkaoja_dogs,rf,True,False,False,2,9,0.6269711207001392,0.663698813441692,0.6760699107221566
vehkaoja_dogs,rf,True,False,False,2,10,0.7499341706031423,0.8039129567654164,0.7745261829953022
vehkaoja_dogs,rf,True,False,False,2,11,0.6710387311205552,0.7009588640863469,0.7866071471535325
vehkaoja_dogs,rf,True,False,False,2,12,0.869127776911737,0.8713733825154737,0.8813348215613956
vehkaoja_dogs,rf,True,False,False,2,13,0.7237670903950925,0.8133091118951661,0.7439139541899771
vehkaoja_dogs,rf,True,False,False,2,14,0.7848492021827739,0.8269885699017945,0.786227986431843
vehkaoja_dogs,rf,True,False,False,2,15,0.748808407365773,0.7716274686002766,0.7542020299167891
vehkaoja_dogs,rf,True,False,False,2,16,0.7632222360673516,0.8263952058010624,0.784905900252486
vehkaoja_dogs,rf,True,False,False,2,17,0.6301786697040471,0.7209421699078563,0.6535951080718245
vehkaoja_dogs,rf,True,False,False,3,18,0.7570882083894493,0.7699786731483914,0.8771577121129777
vehkaoja_dogs,rf,True,False,False,3,19,0.9286040032806415,0.9274400969758065,0.9308113206730951
vehkaoja_dogs,rf,True,False,False,3,20,0.6676317443818269,0.6589806909295169,0.8377763360278861
vehkaoja_dogs,rf,True,False,False,3,21,0.7211063004137805,0.7797070616032635,0.732056521510567
vehkaoja_dogs,rf,True,False,False,3,22,0.7832787268016176,0.8214808892285976,0.7917847482998649
vehkaoja_dogs,rf,True,False,False,3,23,0.8154517862582676,0.859100103115368,0.8169976277557698
vehkaoja_dogs,rf,True,False,False,3,24,0.6768648198002299,0.7035907005463896,0.7958859991439993
vehkaoja_dogs,rf,True,False,False,3,25,0.7847485732199302,0.8126520480556262,0.8224820172545311
vehkaoja_dogs,rf,True,False,False,3,26,0.9169033780626333,0.9283275239847026,0.9163843564952106
vehkaoja_dogs,rf,True,False,False,4,27,0.7149369154678223,0.8032521778655167,0.7439871867337909
vehkaoja_dogs,rf,True,False,False,4,28,0.9270160051787877,0.9361228840185475,0.9288680976363384
vehkaoja_dogs,rf,True,False,False,4,29,0.7725722158364005,0.8770873398898089,0.7666513452202011
vehkaoja_dogs,rf,True,False,False,4,30,0.618988768528658,0.6429590666987302,0.7282414442871155
vehkaoja_dogs,rf,True,False,False,4,31,0.7928467255728535,0.7982277822313333,0.806117619814317
vehkaoja_dogs,rf,True,False,False,4,32,0.7282877601866299,0.7598540175615317,0.8419951195289971
vehkaoja_dogs,rf,True,False,False,4,33,0.7184895465290674,0.7541410777461125,0.7358213199722345
vehkaoja_dogs,rf,True,False,False,4,34,0.7259118147618313,0.7462163882878982,0.7130125382612129
vehkaoja_dogs,rf,True,False,False,4,35,0.8458754639577564,0.8429523445253765,0.8586680097303666
vehkaoja_dogs,svm,True,False,False,1,0,0.8244149261054333,0.8345526345624897,0.8763694963833757
vehkaoja_dogs,svm,True,False,False,1,1,0.7860280287438622,0.8093227359097795,0.8138796444528203
vehkaoja_dogs,svm,True,False,False,1,2,0.7332530279119261,0.7588178358096959,0.7221337955700715
vehkaoja_dogs,svm,True,False,False,1,3,0.7074464698378952,0.7387963872952285,0.7335909961547067
vehkaoja_dogs,svm,True,False,False,1,4,0.7868880114484704,0.7955124332784655,0.8065419388229155
vehkaoja_dogs,svm,True,False,False,1,5,0.6239816323347124,0.6471637469477804,0.6420446943386927
vehkaoja_dogs,svm,True,False,False,1,6,0.6615674423500567,0.7055058443254226,0.8174446917153916
vehkaoja_dogs,svm,True,False,False,1,7,0.5109174139618017,0.5358457769360173,0.5675354502992708
vehkaoja_dogs,svm,True,False,False,1,8,0.6607594250702229,0.7171804707682408,0.6970167815208496
vehkaoja_dogs,svm,True,False,False,2,9,0.6046801662598671,0.6186075937961906,0.6455537548929408
vehkaoja_dogs,svm,True,False,False,2,10,0.7689010426482054,0.8234029754380651,0.7730619217965757
vehkaoja_dogs,svm,True,False,False,2,11,0.6618914211234748,0.6546055401295554,0.7726720537978647
vehkaoja_dogs,svm,True,False,False,2,12,0.82082463556202,0.8115149582447614,0.8504426359448266
vehkaoja_dogs,svm,True,False,False,2,13,0.7421334085595794,0.759005963276027,0.7601952117168346
vehkaoja_dogs,svm,True,False,False,2,14,0.7327654408134943,0.7729346980267067,0.7405895793870673
vehkaoja_dogs,svm,True,False,False,2,15,0.7509717796098246,0.7853356968691013,0.7475237087193919
vehkaoja_dogs,svm,True,False,False,2,16,0.8589021792066404,0.8566377519609357,0.8856594411129077
vehkaoja_dogs,svm,True,False,False,2,17,0.7681734045796833,0.7724379583069748,0.7781965869013672
vehkaoja_dogs,svm,True,False,False,3,18,0.761366396988572,0.7682580885749188,0.8759301680471553
vehkaoja_dogs,svm,True,False,False,3,19,0.8918247202037431,0.8970500029241267,0.8932660001353357
vehkaoja_dogs,svm,True,False,False,3,20,0.6301688348273651,0.6526334522756184,0.8065752038286845
vehkaoja_dogs,svm,True,False,False,3,21,0.6934293841528697,0.7238754890001572,0.7484006360763783
vehkaoja_dogs,svm,True,False,False,3,22,0.7800601674587107,0.8220723494913187,0.7872871494407044
vehkaoja_dogs,svm,True,False,False,3,23,0.8073496515282957,0.825361274881076,0.8322877006946886
vehkaoja_dogs,svm,True,False,False,3,24,0.6173620328814085,0.6513258912610564,0.7946422001750111
vehkaoja_dogs,svm,True,False,False,3,25,0.7795205479501653,0.7973938933571656,0.793829905030169
vehkaoja_dogs,svm,True,False,False,3,26,0.8060155989908456,0.8028578259360521,0.8733892237509688
vehkaoja_dogs,svm,True,False,False,4,27,0.7584357934788923,0.7983152459783568,0.7640140776572288
vehkaoja_dogs,svm,True,False,False,4,28,0.8942546506666941,0.900319571298467,0.9089380053975329
vehkaoja_dogs,svm,True,False,False,4,29,0.7520166757550442,0.7427357034628187,0.8049455904334096
vehkaoja_dogs,svm,True,False,False,4,30,0.6215869318511398,0.6251965975937074,0.7552479550389557
vehkaoja_dogs,svm,True,False,False,4,31,0.7551261304835758,0.7622225957690987,0.7778981020262553
vehkaoja_dogs,svm,True,False,False,4,32,0.7185806424578853,0.7271979554072636,0.8436875890418931
vehkaoja_dogs,svm,True,False,False,4,33,0.6994170181195034,0.7192641086042267,0.7316910084998492
vehkaoja_dogs,svm,True,False,False,4,34,0.6611129184811878,0.6663046677449788,0.6661441653661199
vehkaoja_dogs,svm,True,False,False,4,35,0.7806138482272977,0.7772210315657805,0.8020423639689706
vehkaoja_dogs,wavelet_dt,True,False,False,1,0,0.6259139670120275,0.6203028808963483,0.6589724738791995
vehkaoja_dogs,wavelet_dt,True,False,False,1,1,0.6247662454046827,0.6184313932782222,0.6497350980515975
vehkaoja_dogs,wavelet_dt,True,False,False,1,2,0.6420343273866617,0.6527734842886835,0.6573832768972591
vehkaoja_dogs,wavelet_dt,True,False,False,1,3,0.5402617089459774,0.564213264486363,0.543778339886316
vehkaoja_dogs,wavelet_dt,True,False,False,1,4,0.5855327629011433,0.5915932605970627,0.5904274931399658
vehkaoja_dogs,wavelet_dt,True,False,False,1,5,0.5587244969915885,0.5601747736000118,0.5794141476104393
vehkaoja_dogs,wavelet_dt,True,False,False,1,6,0.5971577995494891,0.6244297687793315,0.6935738888066775
vehkaoja_dogs,wavelet_dt,True,False,False,1,7,0.35817759055440207,0.3772476290340192,0.36546469119777353
vehkaoja_dogs,wavelet_dt,True,False,False,1,8,0.5902690537327887,0.586932189177817,0.6064448730592074
vehkaoja_dogs,wavelet_dt,True,False,False,2,9,0.3875493491571511,0.37394183986345264,0.4475009762934295
vehkaoja_dogs,wavelet_dt,True,False,False,2,10,0.5786776609136138,0.5918622073314077,0.5911893784214196
vehkaoja_dogs,wavelet_dt,True,False,False,2,11,0.4970184533799493,0.4946685377082872,0.6394218568578167
vehkaoja_dogs,wavelet_dt,True,False,False,2,12,0.6054324816249644,0.6151111239798263,0.6140179404713781
vehkaoja_dogs,wavelet_dt,True,False,False,2,13,0.600690755235333,0.6084620388012985,0.6110264672811954
vehkaoja_dogs,wavelet_dt,True,False,False,2,14,0.5103766123820427,0.5053005541865132,0.5249973783975128
vehkaoja_dogs,wavelet_dt,True,False,False,2,15,0.5203760289246504,0.5243809091229049,0.5281658736563594
vehkaoja_dogs,wavelet_dt,True,False,False,2,16,0.5980361404175859,0.6078519225868412,0.6203581915060141
vehkaoja_dogs,wavelet_dt,True,False,False,2,17,0.6060146012883841,0.6284596015339959,0.6139516511928123
vehkaoja_dogs,wavelet_dt,True,False,False,3,18,0.582817454184099,0.6084898974303895,0.6928561358343364
vehkaoja_dogs,wavelet_dt,True,False,False,3,19,0.6642082155272547,0.6718152840946386,0.6678313089385256
vehkaoja_dogs,wavelet_dt,True,False,False,3,20,0.49345531399981063,0.5102099267847667,0.6118203687076929
vehkaoja_dogs,wavelet_dt,True,False,False,3,21,0.5210991998190266,0.5278900692415637,0.5475633291586274
vehkaoja_dogs,wavelet_dt,True,False,False,3,22,0.5805691908962166,0.5708829975517689,0.5980121014094318
vehkaoja_dogs,wavelet_dt,True,False,False,3,23,0.5401233874159389,0.5638875990138115,0.5490857723520489
vehkaoja_dogs,wavelet_dt,True,False,False,3,24,0.5332230711704833,0.5571299852618838,0.6255933954505003
vehkaoja_dogs,wavelet_dt,True,False,False,3,25,0.5544610736353079,0.5745290452368231,0.5838935835609085
vehkaoja_dogs,wavelet_dt,True,False,False,3,26,0.5485182210982052,0.560251855979895,0.592017009149957
vehkaoja_dogs,wavelet_dt,True,False,False,4,27,0.5690479921594311,0.5623653989384829,0.5919138107802188
vehkaoja_dogs,wavelet_dt,True,False,False,4,28,0.6497671651373711,0.6503694217609013,0.661828322708194
vehkaoja_dogs,wavelet_dt,True,False,False,4,29,0.5948607614763612,0.5850325560952304,0.611436805307729
vehkaoja_dogs,wavelet_dt,True,False,False,4,30,0.5157084953235944,0.5269724568683632,0.6128260081308263
vehkaoja_dogs,wavelet_dt,True,False,False,4,31,0.5998325201190805,0.5959222516600797,0.6252170776293323
vehkaoja_dogs,wavelet_dt,True,False,False,4,32,0.574266316233605,0.6009988746639878,0.6867674352243459
vehkaoja_dogs,wavelet_dt,True,False,False,4,33,0.5511517030852201,0.5601230092531169,0.5746867248269903
vehkaoja_dogs,wavelet_dt,True,False,False,4,34,0.4835941318488024,0.4982403245731683,0.48348017222294487
vehkaoja_dogs,wavelet_dt,True,False,False,4,35,0.5790902130799931,0.5807169322175829,0.5935623483978302
vehkaoja_dogs,wavelet_rf,True,False,False,1,0,0.7531017170602587,0.7639581245648273,0.7618002621120493
vehkaoja_dogs,wavelet_rf,True,False,False,1,1,0.7816747547333492,0.8084028955049916,0.7886281116151089
vehkaoja_dogs,wavelet_rf,True,False,False,1,2,0.7780505495790814,0.7854024296540569,0.7839136426671209
vehkaoja_dogs,wavelet_rf,True,False,False,1,3,0.6342079038531484,0.6932881069254418,0.6540932164857335
vehkaoja_dogs,wavelet_rf,True,False,False,1,4,0.7234740682100771,0.7572658604447579,0.7327825127712003
vehkaoja_dogs,wavelet_rf,True,False,False,1,5,0.7003889380492191,0.7034443999484248,0.7097020803223866
vehkaoja_dogs,wavelet_rf,True,False,False,1,6,0.6188023899276031,0.6715820608129955,0.7152859723334383
vehkaoja_dogs,wavelet_rf,True,False,False,1,7,0.54779657269132,0.5492979210898897,0.5653632563192204
vehkaoja_dogs,wavelet_rf,True,False,False,1,8,0.7545039376677116,0.7871898005170916,0.745251019933869
vehkaoja_dogs,wavelet_rf,True,False,False,2,9,0.6043727131768865,0.6221847732562732,0.6255850703719851
vehkaoja_dogs,wavelet_rf,True,False,False,2,10,0.7090612582318093,0.743548973148292,0.7139163820558672
vehkaoja_dogs,wavelet_rf,True,False,False,2,11,0.6333703712559499,0.634826961937724,0.765670169301471
vehkaoja_dogs,wavelet_rf,True,False,False,2,12,0.7337248144670491,0.771495491270856,0.7553989431745152
vehkaoja_dogs,wavelet_rf,True,False,False,2,13,0.7438998309402541,0.7728577720632361,0.7439867065572561
vehkaoja_dogs,wavelet_rf,True,False,False,2,14,0.6699359090877199,0.7267280065141583,0.6831494513137911
vehkaoja_dogs,wavelet_rf,True,False,False,2,15,0.6905683949399987,0.7059232727967703,0.7071268929497261
vehkaoja_dogs,wavelet_rf,True,False,False,2,16,0.7143097111248538,0.7636391717652173,0.756603268009837
vehkaoja_dogs,wavelet_rf,True,False,False,2,17,0.6725452935392964,0.7106976859620017,0.6819333740505351
vehkaoja_dogs,wavelet_rf,True,False,False,3,18,0.7058402322291065,0.7281693570113915,0.7941291572912835
vehkaoja_dogs,wavelet_rf,True,False,False,3,19,0.7963098184332,0.8123748879296383,0.8081242637278906
vehkaoja_dogs,wavelet_rf,True,False,False,3,20,0.6462560890807713,0.6745144201505306,0.791589797026052
vehkaoja_dogs,wavelet_rf,True,False,False,3,21,0.5900330461630166,0.6396048522641864,0.5968449777618599
vehkaoja_dogs,wavelet_rf,True,False,False,3,22,0.7140668654247135,0.7295419727121562,0.7208644914910264
vehkaoja_dogs,wavelet_rf,True,False,False,3,23,0.7706565050398259,0.7987771434735326,0.7702977908977986
vehkaoja_dogs,wavelet_rf,True,False,False,3,24,0.6509907714339531,0.683206364675703,0.727700433487155
vehkaoja_dogs,wavelet_rf,True,False,False,3,25,0.6936359723495408,0.7446659387622572,0.7242894970125501
vehkaoja_dogs,wavelet_rf,True,False,False,3,26,0.6654532453689963,0.7324340218711676,0.7325620147701507
vehkaoja_dogs,wavelet_rf,True,False,False,4,27,0.7750173485999672,0.793797772838133,0.796601986081081
vehkaoja_dogs,wavelet_rf,True,False,False,4,28,0.8073829666008752,0.8243763672894583,0.8092851753679867
vehkaoja_dogs,wavelet_rf,True,False,False,4,29,0.7436699542775524,0.7781887395921427,0.744304677606512
vehkaoja_dogs,wavelet_rf,True,False,False,4,30,0.6178495651794891,0.6293853857622834,0.7255635024646633
vehkaoja_dogs,wavelet_rf,True,False,False,4,31,0.7727750589210518,0.7849554862803497,0.7742515845224331
vehkaoja_dogs,wavelet_rf,True,False,False,4,32,0.6682791503812034,0.6917723535111026,0.7794483053765711
vehkaoja_dogs,wavelet_rf,True,False,False,4,33,0.7179099008870824,0.7529747043126206,0.7394513797738682
vehkaoja_dogs,wavelet_rf,True,False,False,4,34,0.6246611189094564,0.6589729973153156,0.6096186112750541
vehkaoja_dogs,wavelet_rf,True,False,False,4,35,0.6816414338162353,0.7190310733904931,0.7011318733768828
vehkaoja_dogs,wavelet_svm,True,False,False,1,0,0.7258145992632653,0.7520992339330806,0.7275974215261144
vehkaoja_dogs,wavelet_svm,True,False,False,1,1,0.6712061403637989,0.6696722931226294,0.6893601019353022
vehkaoja_dogs,wavelet_svm,True,False,False,1,2,0.6297112882787688,0.6782048511914801,0.6650845319168497
vehkaoja_dogs,wavelet_svm,True,False,False,1,3,0.6151698299572771,0.6273311785068002,0.6178492023920622
vehkaoja_dogs,wavelet_svm,True,False,False,1,4,0.5991096903386134,0.6273523539964245,0.6179437957242465
vehkaoja_dogs,wavelet_svm,True,False,False,1,5,0.5816539089842886,0.6340726589454174,0.5991423122331307
vehkaoja_dogs,wavelet_svm,True,False,False,1,6,0.5422471117473514,0.6212828411507348,0.63806671093521
vehkaoja_dogs,wavelet_svm,True,False,False,1,7,0.4568749056384128,0.48239844714676683,0.46561620462841447
vehkaoja_dogs,wavelet_svm,True,False,False,1,8,0.6295261625908775,0.6554975733780505,0.6567305340439245
vehkaoja_dogs,wavelet_svm,True,False,False,2,9,0.5836445999997356,0.5984775417380744,0.6068436340957521
vehkaoja_dogs,wavelet_svm,True,False,False,2,10,0.644959079320712,0.6757590032418368,0.6560950178061807
vehkaoja_dogs,wavelet_svm,True,False,False,2,11,0.5200514038623868,0.5273299136576767,0.6918906829071766
vehkaoja_dogs,wavelet_svm,True,False,False,2,12,0.7159047902274879,0.7257010954481938,0.7283005230375242
vehkaoja_dogs,wavelet_svm,True,False,False,2,13,0.6973241332904215,0.7245955583970591,0.7115945599227511
vehkaoja_dogs,wavelet_svm,True,False,False,2,14,0.6236797716652547,0.67554994361193,0.6339455918803409
vehkaoja_dogs,wavelet_svm,True,False,False,2,15,0.671447718905688,0.6960100378013329,0.69018804397892
vehkaoja_dogs,wavelet_svm,True,False,False,2,16,0.606669087458225,0.6810309026258821,0.642751883827901
vehkaoja_dogs,wavelet_svm,True,False,False,2,17,0.6624331712716481,0.6905072474106925,0.6937853909997235
vehkaoja_dogs,wavelet_svm,True,False,False,3,18,0.6463562516576301,0.689935083041344,0.7644363648313479
vehkaoja_dogs,wavelet_svm,True,False,False,3,19,0.7062986864983308,0.7179376316985964,0.7123443320578143
vehkaoja_dogs,wavelet_svm,True,False,False,3,20,0.562535194972641,0.6065584485645034,0.7279627182599476
vehkaoja_dogs,wavelet_svm,True,False,False,3,21,0.5304094246901007,0.5387332842397133,0.5736429970376558
vehkaoja_dogs,wavelet_svm,True,False,False,3,22,0.6672091152766053,0.7132573069755929,0.6761805328451509
vehkaoja_dogs,wavelet_svm,True,False,False,3,23,0.7874548988932927,0.7867602235265775,0.8187494486019937
vehkaoja_dogs,wavelet_svm,True,False,False,3,24,0.6181989632864267,0.6392042022691654,0.7742292975509915
vehkaoja_dogs,wavelet_svm,True,False,False,3,25,0.6323605986645953,0.697148958222254,0.697819292245637
vehkaoja_dogs,wavelet_svm,True,False,False,3,26,0.63915971751384,0.666403198051492,0.6660221630679136
vehkaoja_dogs,wavelet_svm,True,False,False,4,27,0.7799941466310458,0.7955268735644296,0.7921955783268587
vehkaoja_dogs,wavelet_svm,True,False,False,4,28,0.654454858612388,0.6777563274823425,0.6644285583118821
vehkaoja_dogs,wavelet_svm,True,False,False,4,29,0.5893873035427485,0.6273163323488845,0.6234806091679729
vehkaoja_dogs,wavelet_svm,True,False,False,4,30,0.5422420104725061,0.5465347962848761,0.7067088913931768
vehkaoja_dogs,wavelet_svm,True,False,False,4,31,0.6857514157501149,0.691196764741142,0.7242453897815058
vehkaoja_dogs,wavelet_svm,True,False,False,4,32,0.6210682679059863,0.701291044410595,0.7107236775795663
vehkaoja_dogs,wavelet_svm,True,False,False,4,33,0.6052187235151453,0.673326558077264,0.6780905857977024
vehkaoja_dogs,wavelet_svm,True,False,False,4,34,0.6509388204575315,0.6749502540223908,0.6443022022726286
vehkaoja_dogs,wavelet_svm,True,False,False,4,35,0.6803016484207465,0.700331112122361,0.6947087084416258
vehkaoja_dogs,harnet_random_nogyr,False,True,False,1,0,0.18886501742961537,0.2540227138640994,0.3002134800738578
vehkaoja_dogs,harnet_random_nogyr,False,True,False,1,1,0.19511783374196875,0.24392102502997748,0.35927745166097935
vehkaoja_dogs,harnet_random_nogyr,False,True,False,1,2,0.23010367928035033,0.29971192856887746,0.3861725791137577
vehkaoja_dogs,harnet_random_nogyr,False,True,False,1,3,0.21978816532726378,0.26887146101206905,0.3003823303400534
vehkaoja_dogs,harnet_random_nogyr,False,True,False,1,4,0.24875591730165458,0.28506399576357055,0.324390287607902
vehkaoja_dogs,harnet_random_nogyr,False,True,False,1,5,0.2148078845995185,0.24088395296009157,0.3304694318663922
vehkaoja_dogs,harnet_random_nogyr,False,True,False,1,6,0.19194992998681587,0.22829015096654492,0.36158008775326905
vehkaoja_dogs,harnet_random_nogyr,False,True,False,1,7,0.14947803435074053,0.16414517793135922,0.21279557914912592
vehkaoja_dogs,harnet_random_nogyr,False,True,False,1,8,0.17778894023010897,0.22818131505375608,0.3263365918962948
vehkaoja_dogs,harnet_random_nogyr,False,True,False,2,9,0.10592446662340528,0.1172569226979674,0.2075494951548342
vehkaoja_dogs,harnet_random_nogyr,False,True,False,2,10,0.26675339651859,0.3171682357695179,0.32961296736312157
vehkaoja_dogs,harnet_random_nogyr,False,True,False,2,11,0.1898124500034087,0.24898843247710561,0.45318263997324665
vehkaoja_dogs,harnet_random_nogyr,False,True,False,2,12,0.23387013707779475,0.25365620049694904,0.3156987542875682
vehkaoja_dogs,harnet_random_nogyr,False,True,False,2,13,0.2612587722458626,0.3303535435936162,0.29705728072160315
vehkaoja_dogs,harnet_random_nogyr,False,True,False,2,14,0.2263838881481683,0.223162748733175,0.3344644066997661
vehkaoja_dogs,harnet_random_nogyr,False,True,False,2,15,0.11625659410548012,0.1771945178530185,0.2480294128858542
vehkaoja_dogs,harnet_random_nogyr,False,True,False,2,16,0.1894207150428108,0.23803825282190977,0.267721374293276
vehkaoja_dogs,harnet_random_nogyr,False,True,False,2,17,0.24774975265360596,0.2837935902764253,0.3658047545976817
vehkaoja_dogs,harnet_random_nogyr,False,True,False,3,18,0.1753236682415741,0.1933361603065706,0.4086028741511702
vehkaoja_dogs,harnet_random_nogyr,False,True,False,3,19,0.1736818829249764,0.18060515954868023,0.2913928474263511
vehkaoja_dogs,harnet_random_nogyr,False,True,False,3,20,0.1619828882698354,0.1879659605597439,0.3632090875572035
vehkaoja_dogs,harnet_random_nogyr,False,True,False,3,21,0.16483908171978193,0.2267549602871494,0.2789156571809413
vehkaoja_dogs,harnet_random_nogyr,False,True,False,3,22,0.2041338967880818,0.33252866495537503,0.3205215479185198
vehkaoja_dogs,harnet_random_nogyr,False,True,False,3,23,0.24527356648744758,0.31171419363118985,0.3246064820586287
vehkaoja_dogs,harnet_random_nogyr,False,True,False,3,24,0.24086224340517354,0.28105068237551056,0.47478040399507737
vehkaoja_dogs,harnet_random_nogyr,False,True,False,3,25,0.19070576072985948,0.2327761971668136,0.29288874609332277
vehkaoja_dogs,harnet_random_nogyr,False,True,False,3,26,0.1828213526593303,0.2297938585188046,0.33777371322400374
vehkaoja_dogs,harnet_random_nogyr,False,True,False,4,27,0.21341474117273124,0.28945198172267206,0.31314338481687015
vehkaoja_dogs,harnet_random_nogyr,False,True,False,4,28,0.17567960896678955,0.21610350014288063,0.3251118864972227
vehkaoja_dogs,harnet_random_nogyr,False,True,False,4,29,0.21139514715959706,0.2657610197571278,0.345572549445325
vehkaoja_dogs,harnet_random_nogyr,False,True,False,4,30,0.3131677230990793,0.3527136203328427,0.4872415751973928
vehkaoja_dogs,harnet_random_nogyr,False,True,False,4,31,0.24052673012397527,0.2791886926644922,0.3466324009511127
vehkaoja_dogs,harnet_random_nogyr,False,True,False,4,32,0.273942904063006,0.34979938775207847,0.43706594329315895
vehkaoja_dogs,harnet_random_nogyr,False,True,False,4,33,0.1619351758481825,0.24282674656500117,0.3329594156914275
vehkaoja_dogs,harnet_random_nogyr,False,True,False,4,34,0.1349500203793598,0.19947977032971115,0.21617742229703743
vehkaoja_dogs,harnet_random_nogyr,False,True,False,4,35,0.1994693391539659,0.28625245121239395,0.3333577554238738
vehkaoja_dogs,harnet_unfrozen_nogyr,False,True,False,1,0,0.3830053658051403,0.42507879716030084,0.5672056675062348
vehkaoja_dogs,harnet_unfrozen_nogyr,False,True,False,1,1,0.2865610533456329,0.36287275194443597,0.3939938050628651
vehkaoja_dogs,harnet_unfrozen_nogyr,False,True,False,1,2,0.3032678091561735,0.3680439015145962,0.4245539003416301
vehkaoja_dogs,harnet_unfrozen_nogyr,False,True,False,1,3,0.3103085756162582,0.3673375525464789,0.38536296005493464
vehkaoja_dogs,harnet_unfrozen_nogyr,False,True,False,1,4,0.320384592699916,0.37087294483144395,0.3757071747477887
vehkaoja_dogs,harnet_unfrozen_nogyr,False,True,False,1,5,0.3237567675429714,0.3965379155607344,0.4057633484177984
vehkaoja_dogs,harnet_unfrozen_nogyr,False,True,False,1,6,0.22006985661974784,0.28138840020534905,0.4298362787855144
vehkaoja_dogs,harnet_unfrozen_nogyr,False,True,False,1,7,0.15959892857197885,0.1807174261035137,0.25159316353015665
vehkaoja_dogs,harnet_unfrozen_nogyr,False,True,False,1,8,0.32400760555100755,0.39739762728693334,0.4321675729837509
vehkaoja_dogs,harnet_unfrozen_nogyr,False,True,False,2,9,0.2763491722923174,0.3441786277277283,0.4034252699269269
vehkaoja_dogs,harnet_unfrozen_nogyr,False,True,False,2,10,0.32494307365526204,0.3983380290939969,0.40923157732002247
vehkaoja_dogs,harnet_unfrozen_nogyr,False,True,False,2,11,0.2693703401180843,0.2829817820678125,0.48055325570650087
vehkaoja_dogs,harnet_unfrozen_nogyr,False,True,False,2,12,0.43087775466513106,0.49925484058038533,0.4833210761769349
vehkaoja_dogs,harnet_unfrozen_nogyr,False,True,False,2,13,0.3655580408311438,0.4081274735091316,0.45921490356372113
vehkaoja_dogs,harnet_unfrozen_nogyr,False,True,False,2,14,0.319604181012093,0.37269791721067447,0.42627186042881016
vehkaoja_dogs,harnet_unfrozen_nogyr,False,True,False,2,15,0.23512918886434575,0.3013650218223708,0.35600165775223797
vehkaoja_dogs,harnet_unfrozen_nogyr,False,True,False,2,16,0.3050167463964588,0.33013884699306706,0.3958669700510295
vehkaoja_dogs,harnet_unfrozen_nogyr,False,True,False,2,17,0.3647282125866228,0.4226361513349483,0.46941530844425633
vehkaoja_dogs,harnet_unfrozen_nogyr,False,True,False,3,18,0.27474978568095604,0.33200777516224805,0.4826039865735148
vehkaoja_dogs,harnet_unfrozen_nogyr,False,True,False,3,19,0.3084160250314563,0.3565742469879413,0.4112058354956737
vehkaoja_dogs,harnet_unfrozen_nogyr,False,True,False,3,20,0.23564184767247393,0.2960734714655843,0.4268898239951337
vehkaoja_dogs,harnet_unfrozen_nogyr,False,True,False,3,21,0.18353091087389828,0.24651651824289383,0.28609490878160976
vehkaoja_dogs,harnet_unfrozen_nogyr,False,True,False,3,22,0.2785507022827054,0.3530317395610057,0.38793211448371834
vehkaoja_dogs,harnet_unfrozen_nogyr,False,True,False,3,23,0.39806306249916434,0.46694826629927083,0.4730284385446945
vehkaoja_dogs,harnet_unfrozen_nogyr,False,True,False,3,24,0.2962985217715374,0.32552993308169703,0.5630134359696091
vehkaoja_dogs,harnet_unfrozen_nogyr,False,True,False,3,25,0.314114500542926,0.39098801074571304,0.4582927965990961
vehkaoja_dogs,harnet_unfrozen_nogyr,False,True,False,3,26,0.22389896643142695,0.30345630626458175,0.3694687290391411
vehkaoja_dogs,harnet_unfrozen_nogyr,False,True,False,4,27,0.4215010170299266,0.48258383501037444,0.5065206302821892
vehkaoja_dogs,harnet_unfrozen_nogyr,False,True,False,4,28,0.2854038665672017,0.3380760750611531,0.38816994152353584
vehkaoja_dogs,harnet_unfrozen_nogyr,False,True,False,4,29,0.27952434138871757,0.36437386096273383,0.3969794094553407
vehkaoja_dogs,harnet_unfrozen_nogyr,False,True,False,4,30,0.39464629220862013,0.4448508977131137,0.5485534629462478
vehkaoja_dogs,harnet_unfrozen_nogyr,False,True,False,4,31,0.3637438952791819,0.42757900681414945,0.43412175274813264
vehkaoja_dogs,harnet_unfrozen_nogyr,False,True,False,4,32,0.36962364066909076,0.4676939877120967,0.5228414019366627
vehkaoja_dogs,harnet_unfrozen_nogyr,False,True,False,4,33,0.22142202160860303,0.2878782716202993,0.3729978994596647
vehkaoja_dogs,harnet_unfrozen_nogyr,False,True,False,4,34,0.2956887233511991,0.39718113473362243,0.36080866232969383
vehkaoja_dogs,harnet_unfrozen_nogyr,False,True,False,4,35,0.3125912785343039,0.39017704188652297,0.4012214201799921
vehkaoja_dogs,RNN_nogyr,False,True,False,1,0,0.6039947577252661,0.751836806428545,0.6868108930172867
vehkaoja_dogs,RNN_nogyr,False,True,False,1,1,0.6949004003569353,0.7029453892106795,0.7206560397172703
vehkaoja_dogs,RNN_nogyr,False,True,False,1,2,0.6368685420460185,0.6532428449411676,0.6422280116800269
vehkaoja_dogs,RNN_nogyr,False,True,False,1,3,0.569807401674847,0.5806303629326822,0.5823155280640857
vehkaoja_dogs,RNN_nogyr,False,True,False,1,4,0.6545466068187139,0.6774458977408625,0.6744943310897616
vehkaoja_dogs,RNN_nogyr,False,True,False,1,5,0.4938123494358587,0.4925884697241278,0.5100752750984775
vehkaoja_dogs,RNN_nogyr,False,True,False,1,6,0.5025999341394213,0.5437742990393387,0.6573624975568809
vehkaoja_dogs,RNN_nogyr,False,True,False,1,7,0.3443548324840611,0.42058042348993063,0.4378629247774683
vehkaoja_dogs,RNN_nogyr,False,True,False,1,8,0.6133723349445508,0.6070949019566556,0.661268021874148
vehkaoja_dogs,RNN_nogyr,False,True,False,2,9,0.6282278193986212,0.6263434909401032,0.6860120454182884
vehkaoja_dogs,RNN_nogyr,False,True,False,2,10,0.6530266833697682,0.7372878149300235,0.7012563285663745
vehkaoja_dogs,RNN_nogyr,False,True,False,2,11,0.5693198942099618,0.581328736066327,0.672832513355678
vehkaoja_dogs,RNN_nogyr,False,True,False,2,12,0.779781591230926,0.7779598060026077,0.8056057968668816
vehkaoja_dogs,RNN_nogyr,False,True,False,2,13,0.7229224983477114,0.7617111249027655,0.7503123266782766
vehkaoja_dogs,RNN_nogyr,False,True,False,2,14,0.7718485220397061,0.8166592935948113,0.78179637808699
vehkaoja_dogs,RNN_nogyr,False,True,False,2,15,0.7626512043472389,0.767599999141432,0.7623479780759547
vehkaoja_dogs,RNN_nogyr,False,True,False,2,16,0.7674174493144664,0.7648833229146327,0.7994931041173058
vehkaoja_dogs,RNN_nogyr,False,True,False,2,17,0.6507329144372308,0.7033475970755846,0.6802533906668159
vehkaoja_dogs,RNN_nogyr,False,True,False,3,18,0.7165936877756102,0.7384789970130282,0.8382377834286675
vehkaoja_dogs,RNN_nogyr,False,True,False,3,19,0.8384069591406476,0.8425133307614247,0.8541643400908492
vehkaoja_dogs,RNN_nogyr,False,True,False,3,20,0.6549310840869376,0.6458188556418863,0.8075086389313729
vehkaoja_dogs,RNN_nogyr,False,True,False,3,21,0.6017487579509122,0.6495172808556614,0.6229180922880517
vehkaoja_dogs,RNN_nogyr,False,True,False,3,22,0.7011140863325498,0.7716052141486084,0.7128498629003418
vehkaoja_dogs,RNN_nogyr,False,True,False,3,23,0.7359824531978945,0.750366926820724,0.7655370775183368
vehkaoja_dogs,RNN_nogyr,False,True,False,3,24,0.5599791583911335,0.5922113220170073,0.674270477288767
vehkaoja_dogs,RNN_nogyr,False,True,False,3,25,0.6890228770843101,0.7085190907648949,0.7249331680370702
vehkaoja_dogs,RNN_nogyr,False,True,False,3,26,0.8797578890520562,0.8696480798564333,0.9117949173083043
vehkaoja_dogs,RNN_nogyr,False,True,False,4,27,0.6053938903386914,0.6905450782414765,0.6885824621805949
vehkaoja_dogs,RNN_nogyr,False,True,False,4,28,0.6985552858518435,0.7573452041066271,0.7520574859801176
vehkaoja_dogs,RNN_nogyr,False,True,False,4,29,0.629977769082779,0.6055879646031357,0.673313311325391
vehkaoja_dogs,RNN_nogyr,False,True,False,4,30,0.5477698531940398,0.5846890501801592,0.6659862330789919
vehkaoja_dogs,RNN_nogyr,False,True,False,4,31,0.6167620280752334,0.630940009501002,0.6614058448877537
vehkaoja_dogs,RNN_nogyr,False,True,False,4,32,0.5756105489304892,0.6626864471615924,0.727299069817916
vehkaoja_dogs,RNN_nogyr,False,True,False,4,33,0.6964089846079148,0.7325202275465081,0.7100430025973837
vehkaoja_dogs,RNN_nogyr,False,True,False,4,34,0.4924249043487096,0.5510025713866649,0.5387702176301852
vehkaoja_dogs,RNN_nogyr,False,True,False,4,35,0.650841834276662,0.6784984894461501,0.6716972611168132
vehkaoja_dogs,CRNN_nogyr,False,True,False,1,0,0.8894001201756786,0.8718224682074663,0.9358653918339374
vehkaoja_dogs,CRNN_nogyr,False,True,False,1,1,0.8511435467310549,0.848115882569955,0.866655360541597
vehkaoja_dogs,CRNN_nogyr,False,True,False,1,2,0.7040412008779107,0.7880163812206816,0.7021403129674177
vehkaoja_dogs,CRNN_nogyr,False,True,False,1,3,0.740466365221993,0.7493826030062383,0.7513556230369041
vehkaoja_dogs,CRNN_nogyr,False,True,False,1,4,0.7682274949586305,0.8062595009388822,0.7599714189718743
vehkaoja_dogs,CRNN_nogyr,False,True,False,1,5,0.6031647425996057,0.6864945879111126,0.6475216951854523
vehkaoja_dogs,CRNN_nogyr,False,True,False,1,6,0.6475094126476214,0.6468036590762208,0.7895648376390951
vehkaoja_dogs,CRNN_nogyr,False,True,False,1,7,0.4553378782712715,0.5009488341637233,0.4943511952076346
vehkaoja_dogs,CRNN_nogyr,False,True,False,1,8,0.6663460461571458,0.7278435777613865,0.7298596402653339
vehkaoja_dogs,CRNN_nogyr,False,True,False,2,9,0.7123868854098496,0.7330786072139492,0.7232000026538749
vehkaoja_dogs,CRNN_nogyr,False,True,False,2,10,0.7347087893160116,0.7397379646265887,0.7768866414523242
vehkaoja_dogs,CRNN_nogyr,False,True,False,2,11,0.6372846109745459,0.6454051602944078,0.7303086528025635
vehkaoja_dogs,CRNN_nogyr,False,True,False,2,12,0.8948565303745675,0.8875504913692169,0.9239525168326641
vehkaoja_dogs,CRNN_nogyr,False,True,False,2,13,0.7676520888927175,0.8359655544985721,0.7707500308425
vehkaoja_dogs,CRNN_nogyr,False,True,False,2,14,0.7553385547353965,0.780668026677467,0.7622084499658265
vehkaoja_dogs,CRNN_nogyr,False,True,False,2,15,0.8178905520117311,0.8226698395064832,0.8186900931752781
vehkaoja_dogs,CRNN_nogyr,False,True,False,2,16,0.766987170303878,0.8283878728620206,0.7944425371449154
vehkaoja_dogs,CRNN_nogyr,False,True,False,2,17,0.7061323102706183,0.7185884312530741,0.7432293166597378
vehkaoja_dogs,CRNN_nogyr,False,True,False,3,18,0.8057324616003366,0.8009219011358745,0.9095203631299683
vehkaoja_dogs,CRNN_nogyr,False,True,False,3,19,0.948034862676296,0.9450877227519725,0.9524126662350068
vehkaoja_dogs,CRNN_nogyr,False,True,False,3,20,0.7057995153861109,0.6893773955548969,0.840350073148596
vehkaoja_dogs,CRNN_nogyr,False,True,False,3,21,0.6793879053936939,0.6866883365870723,0.7483925540904157
vehkaoja_dogs,CRNN_nogyr,False,True,False,3,22,0.852982976765282,0.8770964590915086,0.8413809280583618
vehkaoja_dogs,CRNN_nogyr,False,True,False,3,23,0.8415211872947377,0.8703251023564132,0.8527226243274224
vehkaoja_dogs,CRNN_nogyr,False,True,False,3,24,0.6351860980690188,0.6546108673227607,0.782133190605186
vehkaoja_dogs,CRNN_nogyr,False,True,False,3,25,0.8696892466041398,0.8931901459879352,0.8634080706567487
vehkaoja_dogs,CRNN_nogyr,False,True,False,3,26,0.9014933591699085,0.8919484022894959,0.9198820465362949
vehkaoja_dogs,CRNN_nogyr,False,True,False,4,27,0.855533088513795,0.8771205796605002,0.8767729076110977
vehkaoja_dogs,CRNN_nogyr,False,True,False,4,28,0.9413567280165117,0.9481709383640045,0.9391265871454479
vehkaoja_dogs,CRNN_nogyr,False,True,False,4,29,0.713877173247845,0.6796304338471022,0.7700583637022373
vehkaoja_dogs,CRNN_nogyr,False,True,False,4,30,0.7282980489527255,0.7453690640288357,0.7547471604818076
vehkaoja_dogs,CRNN_nogyr,False,True,False,4,31,0.8212660032088723,0.8293725465908566,0.8345481550592623
vehkaoja_dogs,CRNN_nogyr,False,True,False,4,32,0.714641167670322,0.7784152263039471,0.8631283445692247
vehkaoja_dogs,CRNN_nogyr,False,True,False,4,33,0.7005756423700246,0.7821758702395435,0.7160036832157229
vehkaoja_dogs,CRNN_nogyr,False,True,False,4,34,0.668348528695721,0.677420140144509,0.6988956162206216
vehkaoja_dogs,CRNN_nogyr,False,True,False,4,35,0.8124918335029551,0.8116116236537558,0.8440328924748166
vehkaoja_dogs,rf_nogyr,False,True,False,1,0,0.8254020327652142,0.872111857939511,0.8850169458580425
vehkaoja_dogs,rf_nogyr,False,True,False,1,1,0.771481448460736,0.8013170327033595,0.7964796019283249
vehkaoja_dogs,rf_nogyr,False,True,False,1,2,0.6043457509926532,0.6392740379958148,0.6434991850130022
vehkaoja_dogs,rf_nogyr,False,True,False,1,3,0.834503487649652,0.8384192930864924,0.8429399820667421
vehkaoja_dogs,rf_nogyr,False,True,False,1,4,0.7917999029385038,0.822347398267031,0.792912555206722
vehkaoja_dogs,rf_nogyr,False,True,False,1,5,0.597026723187944,0.6160920866826705,0.6295974936419136
vehkaoja_dogs,rf_nogyr,False,True,False,1,6,0.7030654195428432,0.7773917547574222,0.814350407528735
vehkaoja_dogs,rf_nogyr,False,True,False,1,7,0.4981545491014694,0.5328693809990565,0.5392473467939596
vehkaoja_dogs,rf_nogyr,False,True,False,1,8,0.6660047935366227,0.6794329917150006,0.6929381577523691
vehkaoja_dogs,rf_nogyr,False,True,False,2,9,0.6462239554402912,0.6734733205649305,0.6905560295034641
vehkaoja_dogs,rf_nogyr,False,True,False,2,10,0.716835824355601,0.785542743667655,0.7474911642388554
vehkaoja_dogs,rf_nogyr,False,True,False,2,11,0.6378720312250565,0.6526003692258496,0.7709001539432673
vehkaoja_dogs,rf_nogyr,False,True,False,2,12,0.8514611549339711,0.8509192366567604,0.8750670149258166
vehkaoja_dogs,rf_nogyr,False,True,False,2,13,0.7092565115432311,0.749870020702954,0.7373464686010432
vehkaoja_dogs,rf_nogyr,False,True,False,2,14,0.7821082863405473,0.8253092994849173,0.7872653311040154
vehkaoja_dogs,rf_nogyr,False,True,False,2,15,0.7831151055217294,0.7962096591785226,0.781174423840543
vehkaoja_dogs,rf_nogyr,False,True,False,2,16,0.7395436270204176,0.7997261455223089,0.7901049440929956
vehkaoja_dogs,rf_nogyr,False,True,False,2,17,0.6333890693268517,0.7057572236968107,0.651141754205214
vehkaoja_dogs,rf_nogyr,False,True,False,3,18,0.7554507389334801,0.7554840198798135,0.8792081587083778
vehkaoja_dogs,rf_nogyr,False,True,False,3,19,0.9184434078918904,0.918823559988035,0.9189453511006266
vehkaoja_dogs,rf_nogyr,False,True,False,3,20,0.645124692847457,0.647733297112194,0.7962426771837211
vehkaoja_dogs,rf_nogyr,False,True,False,3,21,0.7078004320216563,0.7392635796601936,0.7433959520128245
vehkaoja_dogs,rf_nogyr,False,True,False,3,22,0.769776260891771,0.7963980314253704,0.783529861255543
vehkaoja_dogs,rf_nogyr,False,True,False,3,23,0.7542089550409709,0.7803266312292467,0.765008464821246
vehkaoja_dogs,rf_nogyr,False,True,False,3,24,0.6190267953016844,0.6707951116071097,0.7427908030325217
vehkaoja_dogs,rf_nogyr,False,True,False,3,25,0.7795498667369073,0.8141378083684722,0.8197055115728772
vehkaoja_dogs,rf_nogyr,False,True,False,3,26,0.9134163359767148,0.8977698260943565,0.9371500089412726
vehkaoja_dogs,rf_nogyr,False,True,False,4,27,0.720417538997671,0.7882876452690014,0.755552995787799
vehkaoja_dogs,rf_nogyr,False,True,False,4,28,0.9248200743902685,0.9360512359385748,0.9250045613165035
vehkaoja_dogs,rf_nogyr,False,True,False,4,29,0.8531721473294069,0.8650474744792939,0.8530381786079189
vehkaoja_dogs,rf_nogyr,False,True,False,4,30,0.6070656532127797,0.6511627401938367,0.7164997041417843
vehkaoja_dogs,rf_nogyr,False,True,False,4,31,0.7423094738351423,0.7362857544028102,0.7653327709891898
vehkaoja_dogs,rf_nogyr,False,True,False,4,32,0.724968154222585,0.7641010645049376,0.859751143179889
vehkaoja_dogs,rf_nogyr,False,True,False,4,33,0.7146091057957711,0.7795029816681244,0.7343050654814944
vehkaoja_dogs,rf_nogyr,False,True,False,4,34,0.743604870624194,0.7635060063420812,0.7381753411667572
vehkaoja_dogs,rf_nogyr,False,True,False,4,35,0.8195082110181132,0.825552083897779,0.833498592414985
vehkaoja_dogs,harnet_low_data_nogyr,False,False,True,1,0,0.919462928081587,0.8976587243629044,0.9612534873537555
vehkaoja_dogs,harnet_low_data_nogyr,False,False,True,1,1,0.8049186232701686,0.8246675511780487,0.8277085684327313
vehkaoja_dogs,harnet_low_data_nogyr,False,False,True,1,2,0.7229067384923756,0.7486142860020147,0.7104573873049795
vehkaoja_dogs,harnet_low_data_nogyr,False,False,True,1,3,0.7277950565550523,0.7946877244660295,0.7499661519134285
vehkaoja_dogs,harnet_low_data_nogyr,False,False,True,1,4,0.7231851180474533,0.7905454516158053,0.720597161097066
vehkaoja_dogs,harnet_low_data_nogyr,False,False,True,1,5,0.6030066342044413,0.6173200623160171,0.6260289458129766
vehkaoja_dogs,harnet_low_data_nogyr,False,False,True,1,6,0.8129942608534201,0.8791056751799836,0.8611887901472695
vehkaoja_dogs,harnet_low_data_nogyr,False,False,True,1,7,0.4398550594414731,0.4417279800695982,0.47003501846239876
vehkaoja_dogs,harnet_low_data_nogyr,False,False,True,1,8,0.6489138199020132,0.7967568950559822,0.7194942650011292
vehkaoja_dogs,harnet_low_data_nogyr,False,False,True,2,9,0.7972489192153467,0.7734107813181158,0.8367865718605455
vehkaoja_dogs,harnet_low_data_nogyr,False,False,True,2,10,0.809646585293013,0.8299222428695313,0.8284973933836395
vehkaoja_dogs,harnet_low_data_nogyr,False,False,True,2,11,0.6653006738704739,0.6994594199093132,0.7590747938111323
vehkaoja_dogs,harnet_low_data_nogyr,False,False,True,2,12,0.8583335305740332,0.876469511870144,0.8973989906057878
vehkaoja_dogs,harnet_low_data_nogyr,False,False,True,2,13,0.7365557177567418,0.7631095519641428,0.7500661055556214
vehkaoja_dogs,harnet_low_data_nogyr,False,False,True,2,14,0.6363868943525426,0.7036523439070631,0.700540010440087
vehkaoja_dogs,harnet_low_data_nogyr,False,False,True,2,15,0.7584163268731282,0.7993523638681779,0.7774580956248806
vehkaoja_dogs,harnet_low_data_nogyr,False,False,True,2,16,0.8459427953374796,0.8634311837481654,0.8853141668784392
vehkaoja_dogs,harnet_low_data_nogyr,False,False,True,2,17,0.6069871719894563,0.7103362517729451,0.6538699568563076
vehkaoja_dogs,harnet_low_data_nogyr,False,False,True,3,18,0.715060705783301,0.7379878564554904,0.8404426441580545
vehkaoja_dogs,harnet_low_data_nogyr,False,False,True,3,19,0.88183402711728,0.9006960579908728,0.8905292182311644
vehkaoja_dogs,harnet_low_data_nogyr,False,False,True,3,20,0.6088702580532792,0.6952972441135582,0.7692477352161361
vehkaoja_dogs,harnet_low_data_nogyr,False,False,True,3,21,0.6589867687120777,0.7409850293908057,0.7613670320786258
vehkaoja_dogs,harnet_low_data_nogyr,False,False,True,3,22,0.7613873759705526,0.8103322873604544,0.7531260042461998
vehkaoja_dogs,harnet_low_data_nogyr,False,False,True,3,23,0.8535411607809249,0.864933796386002,0.8580011950814889
vehkaoja_dogs,harnet_low_data_nogyr,False,False,True,3,24,0.6750142972891404,0.6937610227109158,0.8570562101415969
vehkaoja_dogs,harnet_low_data_nogyr,False,False,True,3,25,0.83735847005776,0.8676472676983259,0.8480785675045491
vehkaoja_dogs,harnet_low_data_nogyr,False,False,True,3,26,0.8849449515442671,0.883091749329211,0.9059584927773411
vehkaoja_dogs,harnet_low_data_nogyr,False,False,True,4,27,0.7367400822536143,0.7779521716624374,0.7644357139939264
vehkaoja_dogs,harnet_low_data_nogyr,False,False,True,4,28,0.9230341758438244,0.9384406079814169,0.9214055400918497
vehkaoja_dogs,harnet_low_data_nogyr,False,False,True,4,29,0.8395887961823999,0.878986359443722,0.847984688319465
vehkaoja_dogs,harnet_low_data_nogyr,False,False,True,4,30,0.6587989643761774,0.6794087053917742,0.7679753344298227
vehkaoja_dogs,harnet_low_data_nogyr,False,False,True,4,31,0.7391017649467212,0.7660616365389017,0.7447491504491578
vehkaoja_dogs,harnet_low_data_nogyr,False,False,True,4,32,0.7326452367741422,0.7626023706862778,0.8291172889013229
vehkaoja_dogs,harnet_low_data_nogyr,False,False,True,4,33,0.7552063377651632,0.7758367525078037,0.772015635806542
vehkaoja_dogs,harnet_low_data_nogyr,False,False,True,4,34,0.758694371719209,0.800886726743369,0.7731802848720438
vehkaoja_dogs,harnet_low_data_nogyr,False,False,True,4,35,0.8379601483840127,0.8348027056990669,0.8510276357737215
vehkaoja_dogs,harnet_random_low_data_nogyr,False,False,True,1,0,0.1814442389509704,0.3066470303214508,0.3036630228912961
vehkaoja_dogs,harnet_random_low_data_nogyr,False,False,True,1,1,0.1837827960467158,0.21708382418983074,0.33491589461860793
vehkaoja_dogs,harnet_random_low_data_nogyr,False,False,True,1,2,0.18772524037830737,0.2596968965734122,0.3019759065497521
vehkaoja_dogs,harnet_random_low_data_nogyr,False,False,True,1,3,0.209578749944486,0.2686987293163263,0.29574425594907594
vehkaoja_dogs,harnet_random_low_data_nogyr,False,False,True,1,4,0.22331632348369387,0.2770734194635466,0.30528499081903937
vehkaoja_dogs,harnet_random_low_data_nogyr,False,False,True,1,5,0.19925823684972943,0.23379091277961603,0.31114859893403685
vehkaoja_dogs,harnet_random_low_data_nogyr,False,False,True,1,6,0.1977590531504657,0.22315913824513905,0.37649709124588876
vehkaoja_dogs,harnet_random_low_data_nogyr,False,False,True,1,7,0.15362240945197803,0.17325300698436344,0.21282070943453413
vehkaoja_dogs,harnet_random_low_data_nogyr,False,False,True,1,8,0.18864229807219168,0.4310975753257013,0.30483735776940635
vehkaoja_dogs,harnet_random_low_data_nogyr,False,False,True,2,9,0.09580700696229627,0.13119394867804388,0.1945707521106657
vehkaoja_dogs,harnet_random_low_data_nogyr,False,False,True,2,10,0.2393812328624616,0.31693042602426125,0.2979648721391012
vehkaoja_dogs,harnet_random_low_data_nogyr,False,False,True,2,11,0.1483807059068673,0.2030227456161056,0.38522481809658193
vehkaoja_dogs,harnet_random_low_data_nogyr,False,False,True,2,12,0.19807841549299282,0.27645536472593757,0.2713121219147911
vehkaoja_dogs,harnet_random_low_data_nogyr,False,False,True,2,13,0.23375093320065768,0.33065335030508064,0.28328860052240007
vehkaoja_dogs,harnet_random_low_data_nogyr,False,False,True,2,14,0.18237949973108628,0.23674416994996952,0.30469579566147453
vehkaoja_dogs,harnet_random_low_data_nogyr,False,False,True,2,15,0.09055341046866171,0.10897610245695956,0.2248534021008835
vehkaoja_dogs,harnet_random_low_data_nogyr,False,False,True,2,16,0.19817234387359245,0.2626748468026014,0.28434190860245895
vehkaoja_dogs,harnet_random_low_data_nogyr,False,False,True,2,17,0.20063998160375365,0.2527305955401859,0.3105843806522922
vehkaoja_dogs,harnet_random_low_data_nogyr,False,False,True,3,18,0.18999768799467115,0.2489052779369204,0.41439708711833007
vehkaoja_dogs,harnet_random_low_data_nogyr,False,False,True,3,19,0.19056674136051524,0.22538521918503004,0.3005423760881602
vehkaoja_dogs,harnet_random_low_data_nogyr,False,False,True,3,20,0.17590901460965042,0.24618307167995843,0.35412251879357687
vehkaoja_dogs,harnet_random_low_data_nogyr,False,False,True,3,21,0.15122356340907753,0.1905706174731374,0.2379846041811068
vehkaoja_dogs,harnet_random_low_data_nogyr,False,False,True,3,22,0.18958751935979065,0.2788158033962745,0.2958671176773661
vehkaoja_dogs,harnet_random_low_data_nogyr,False,False,True,3,23,0.23810682926718932,0.2925242796508052,0.33703702136272895
vehkaoja_dogs,harnet_random_low_data_nogyr,False,False,True,3,24,0.2010307047226866,0.2658943049859864,0.42984593245384545
vehkaoja_dogs,harnet_random_low_data_nogyr,False,False,True,3,25,0.19198096849837423,0.23593554095485336,0.29274778737378526
vehkaoja_dogs,harnet_random_low_data_nogyr,False,False,True,3,26,0.1294327987372629,0.17420456565771178,0.2881991674949789
vehkaoja_dogs,harnet_random_low_data_nogyr,False,False,True,4,27,0.19956333349853442,0.29013872207274854,0.3301163198788029
vehkaoja_dogs,harnet_random_low_data_nogyr,False,False,True,4,28,0.17545305673998673,0.21979711430229146,0.31496282995573144
vehkaoja_dogs,harnet_random_low_data_nogyr,False,False,True,4,29,0.22895920703111097,0.26501468005627365,0.36317663695332864
vehkaoja_dogs,harnet_random_low_data_nogyr,False,False,True,4,30,0.26847815606155556,0.32755339910222886,0.42227904626737445
vehkaoja_dogs,harnet_random_low_data_nogyr,False,False,True,4,31,0.23915053547920717,0.30703022698284094,0.33212601520866314
vehkaoja_dogs,harnet_random_low_data_nogyr,False,False,True,4,32,0.2221861926407839,0.2915377066581295,0.38430434063058844
vehkaoja_dogs,harnet_random_low_data_nogyr,False,False,True,4,33,0.14706682558245723,0.19922437526653988,0.32843167672023593
vehkaoja_dogs,harnet_random_low_data_nogyr,False,False,True,4,34,0.12446909432601133,0.20456431585072773,0.2180127554093524
vehkaoja_dogs,harnet_random_low_data_nogyr,False,False,True,4,35,0.16012611114136507,0.21833545474964683,0.3118626866300158
vehkaoja_dogs,harnet_unfrozen_low_data_nogyr,False,False,True,1,0,0.3357904834941481,0.3913083426765875,0.5002952562365661
vehkaoja_dogs,harnet_unfrozen_low_data_nogyr,False,False,True,1,1,0.20899219832590912,0.25353906307122903,0.33957270743111617
vehkaoja_dogs,harnet_unfrozen_low_data_nogyr,False,False,True,1,2,0.23640901963050698,0.32389488733310473,0.3587040008474563
vehkaoja_dogs,harnet_unfrozen_low_data_nogyr,False,False,True,1,3,0.24679517373669543,0.29802511789135805,0.3351551634689785
vehkaoja_dogs,harnet_unfrozen_low_data_nogyr,False,False,True,1,4,0.2981505281878224,0.3566523096788318,0.3667849023681754
vehkaoja_dogs,harnet_unfrozen_low_data_nogyr,False,False,True,1,5,0.26874520374297767,0.3234789261437289,0.37195450392819873
vehkaoja_dogs,harnet_unfrozen_low_data_nogyr,False,False,True,1,6,0.25009350002314595,0.2785079165194706,0.4887738553896666
vehkaoja_dogs,harnet_unfrozen_low_data_nogyr,False,False,True,1,7,0.12122727282486843,0.14048820199267625,0.19164130217291853
vehkaoja_dogs,harnet_unfrozen_low_data_nogyr,False,False,True,1,8,0.2372112477078275,0.33260234493324226,0.33341862776203035
vehkaoja_dogs,harnet_unfrozen_low_data_nogyr,False,False,True,2,9,0.1925944747760324,0.23835665412351015,0.32177576318393597
vehkaoja_dogs,harnet_unfrozen_low_data_nogyr,False,False,True,2,10,0.2672826257474801,0.30561364375935407,0.3457590775615725
vehkaoja_dogs,harnet_unfrozen_low_data_nogyr,False,False,True,2,11,0.2205413287011484,0.25475077463957746,0.4766011420893563
vehkaoja_dogs,harnet_unfrozen_low_data_nogyr,False,False,True,2,12,0.3490053421563583,0.4059888207914267,0.4028570359519867
vehkaoja_dogs,harnet_unfrozen_low_data_nogyr,False,False,True,2,13,0.29103264333378087,0.3136817736310144,0.3950218727814658
vehkaoja_dogs,harnet_unfrozen_low_data_nogyr,False,False,True,2,14,0.24572442042426312,0.2465066945437693,0.35790466624283906
vehkaoja_dogs,harnet_unfrozen_low_data_nogyr,False,False,True,2,15,0.18277588087345437,0.22890404405682985,0.3319302405421843
vehkaoja_dogs,harnet_unfrozen_low_data_nogyr,False,False,True,2,16,0.2794333619138414,0.2810071214328522,0.36571644285509386
vehkaoja_dogs,harnet_unfrozen_low_data_nogyr,False,False,True,2,17,0.2713191846868929,0.3041544573999115,0.3882869247499767
vehkaoja_dogs,harnet_unfrozen_low_data_nogyr,False,False,True,3,18,0.21916916214985882,0.288216539722798,0.4028393729964129
vehkaoja_dogs,harnet_unfrozen_low_data_nogyr,False,False,True,3,19,0.29220201984911054,0.34893698959022196,0.38383505353736247
vehkaoja_dogs,harnet_unfrozen_low_data_nogyr,False,False,True,3,20,0.2137012959365702,0.2692483461204925,0.4000485700723471
vehkaoja_dogs,harnet_unfrozen_low_data_nogyr,False,False,True,3,21,0.2071941585992173,0.259190003863237,0.28606391709519374
vehkaoja_dogs,harnet_unfrozen_low_data_nogyr,False,False,True,3,22,0.24165746525258439,0.3314799255401372,0.32034978156630983
vehkaoja_dogs,harnet_unfrozen_low_data_nogyr,False,False,True,3,23,0.31539068204037385,0.4239828848173804,0.4085455203868724
vehkaoja_dogs,harnet_unfrozen_low_data_nogyr,False,False,True,3,24,0.20223439262762266,0.2563064773418338,0.4418433036707032
vehkaoja_dogs,harnet_unfrozen_low_data_nogyr,False,False,True,3,25,0.25308740390095413,0.3359739079536479,0.33928568915527024
vehkaoja_dogs,harnet_unfrozen_low_data_nogyr,False,False,True,3,26,0.18264191667965257,0.24583584250138796,0.3219300571068784
vehkaoja_dogs,harnet_unfrozen_low_data_nogyr,False,False,True,4,27,0.31569759761486177,0.3768215457546302,0.41764021918372957
vehkaoja_dogs,harnet_unfrozen_low_data_nogyr,False,False,True,4,28,0.25045922893849043,0.27583903650565345,0.33680276205891724
vehkaoja_dogs,harnet_unfrozen_low_data_nogyr,False,False,True,4,29,0.31227051566465525,0.36060965145047424,0.41919876855603666
vehkaoja_dogs,harnet_unfrozen_low_data_nogyr,False,False,True,4,30,0.3612037191627889,0.3880631882693784,0.502114536463204
vehkaoja_dogs,harnet_unfrozen_low_data_nogyr,False,False,True,4,31,0.3419675225466346,0.39086479829708853,0.41707172219972627
vehkaoja_dogs,harnet_unfrozen_low_data_nogyr,False,False,True,4,32,0.3756696161699668,0.46069068489588516,0.534427051549874
vehkaoja_dogs,harnet_unfrozen_low_data_nogyr,False,False,True,4,33,0.2612765264307821,0.2782858264061811,0.38831122466078727
vehkaoja_dogs,harnet_unfrozen_low_data_nogyr,False,False,True,4,34,0.2636449285929838,0.3105972455101434,0.30152047218577854
vehkaoja_dogs,harnet_unfrozen_low_data_nogyr,False,False,True,4,35,0.28584833316111063,0.32630475376717377,0.38431355990469296
vehkaoja_dogs,RNN_low_data_nogyr,False,False,True,1,0,0.6158887831084975,0.7220139975999778,0.7299711993867333
vehkaoja_dogs,RNN_low_data_nogyr,False,False,True,1,1,0.627392030493035,0.724910670535922,0.6468935033876245
vehkaoja_dogs,RNN_low_data_nogyr,False,False,True,1,2,0.6126420156521003,0.6468619351514534,0.6563861392513151
vehkaoja_dogs,RNN_low_data_nogyr,False,False,True,1,3,0.5516384651035907,0.5611888030886985,0.5837644847291569
vehkaoja_dogs,RNN_low_data_nogyr,False,False,True,1,4,0.5817754079773934,0.6142623754949165,0.5970498153282519
vehkaoja_dogs,RNN_low_data_nogyr,False,False,True,1,5,0.47540781056219894,0.4927681078288067,0.4771997687202267
vehkaoja_dogs,RNN_low_data_nogyr,False,False,True,1,6,0.4985955503537097,0.5629016727808376,0.6708801159933876
vehkaoja_dogs,RNN_low_data_nogyr,False,False,True,1,7,0.3689795900269115,0.400938765522176,0.4498096645801311
vehkaoja_dogs,RNN_low_data_nogyr,False,False,True,1,8,0.6148108339315227,0.6192992657154901,0.637548101602774
vehkaoja_dogs,RNN_low_data_nogyr,False,False,True,2,9,0.4788850745394235,0.520791141520556,0.526530794266257
vehkaoja_dogs,RNN_low_data_nogyr,False,False,True,2,10,0.5132200833415674,0.6043400968367499,0.5566147751944743
vehkaoja_dogs,RNN_low_data_nogyr,False,False,True,2,11,0.5805150023466082,0.6113824242662776,0.6766411863037486
vehkaoja_dogs,RNN_low_data_nogyr,False,False,True,2,12,0.6804732831345048,0.7429263044842241,0.7544659797545047
vehkaoja_dogs,RNN_low_data_nogyr,False,False,True,2,13,0.6483647085120893,0.6547326889316417,0.6667623651187933
vehkaoja_dogs,RNN_low_data_nogyr,False,False,True,2,14,0.6638141313649367,0.7311449057360213,0.7089442302507464
vehkaoja_dogs,RNN_low_data_nogyr,False,False,True,2,15,0.5341688972974818,0.638638523012271,0.6367962908067334
vehkaoja_dogs,RNN_low_data_nogyr,False,False,True,2,16,0.6733594219775043,0.7007817755054375,0.7004729356269815
vehkaoja_dogs,RNN_low_data_nogyr,False,False,True,2,17,0.47292225828996126,0.7187776620487036,0.548020854468053
vehkaoja_dogs,RNN_low_data_nogyr,False,False,True,3,18,0.5525282893057389,0.6189248449183956,0.6778322337207817
vehkaoja_dogs,RNN_low_data_nogyr,False,False,True,3,19,0.6449515298891697,0.6703246508169368,0.6812070506945157
vehkaoja_dogs,RNN_low_data_nogyr,False,False,True,3,20,0.4970019486142336,0.5869504048477062,0.6740053542540734
vehkaoja_dogs,RNN_low_data_nogyr,False,False,True,3,21,0.4832595171146106,0.5890980275000004,0.570423421115871
vehkaoja_dogs,RNN_low_data_nogyr,False,False,True,3,22,0.5104164599014243,0.544114132162406,0.5592715183384916
vehkaoja_dogs,RNN_low_data_nogyr,False,False,True,3,23,0.5635269824731625,0.6174557100973966,0.6318337740443382
vehkaoja_dogs,RNN_low_data_nogyr,False,False,True,3,24,0.5116129628994057,0.5842795848854023,0.5870293010901886
vehkaoja_dogs,RNN_low_data_nogyr,False,False,True,3,25,0.6367578364919838,0.6859287698684318,0.6767188774022274
vehkaoja_dogs,RNN_low_data_nogyr,False,False,True,3,26,0.6667254783300182,0.7075898090063433,0.7293950892587109
vehkaoja_dogs,RNN_low_data_nogyr,False,False,True,4,27,0.6414997509652659,0.6396420878182171,0.6993098756210026
vehkaoja_dogs,RNN_low_data_nogyr,False,False,True,4,28,0.8166878450413436,0.8622317074571135,0.8490238650511555
vehkaoja_dogs,RNN_low_data_nogyr,False,False,True,4,29,0.6393754278191545,0.6592243847480074,0.6790399768440292
vehkaoja_dogs,RNN_low_data_nogyr,False,False,True,4,30,0.5966226310868331,0.6450572131358728,0.6977633208677108
vehkaoja_dogs,RNN_low_data_nogyr,False,False,True,4,31,0.6801241810098053,0.6778008721557192,0.7090649776686246
vehkaoja_dogs,RNN_low_data_nogyr,False,False,True,4,32,0.651890752978113,0.6994487051918782,0.7443401116288281
vehkaoja_dogs,RNN_low_data_nogyr,False,False,True,4,33,0.6936780418470803,0.7160180653033987,0.7083178731829455
vehkaoja_dogs,RNN_low_data_nogyr,False,False,True,4,34,0.5399642200063384,0.5268869604105815,0.5756509150924813
vehkaoja_dogs,RNN_low_data_nogyr,False,False,True,4,35,0.6877458387748929,0.6952056257367288,0.7178159467097844
vehkaoja_dogs,wavelet_RNN_low_data_nogyr,False,False,True,1,0,0.7160244850142911,0.7598725729023731,0.8120871779854401
vehkaoja_dogs,wavelet_RNN_low_data_nogyr,False,False,True,1,1,0.6990387738356988,0.7271530471895776,0.7091965359094649
vehkaoja_dogs,wavelet_RNN_low_data_nogyr,False,False,True,1,2,0.6376448159158099,0.6800168878949293,0.6465025629468526
vehkaoja_dogs,wavelet_RNN_low_data_nogyr,False,False,True,1,3,0.5591620464393642,0.5871677194616541,0.5738406375931779
vehkaoja_dogs,wavelet_RNN_low_data_nogyr,False,False,True,1,4,0.5575313897182762,0.5980258580946579,0.6017323791441528
vehkaoja_dogs,wavelet_RNN_low_data_nogyr,False,False,True,1,5,0.5809722566326901,0.6351982584121483,0.5813985947211098
vehkaoja_dogs,wavelet_RNN_low_data_nogyr,False,False,True,1,6,0.5237278903864406,0.6056905211354796,0.6267701580752568
vehkaoja_dogs,wavelet_RNN_low_data_nogyr,False,False,True,1,7,0.4250006273077846,0.441326954709716,0.44614783645116957
vehkaoja_dogs,wavelet_RNN_low_data_nogyr,False,False,True,1,8,0.5525797081131171,0.5837879307632936,0.6025377129929195
vehkaoja_dogs,wavelet_RNN_low_data_nogyr,False,False,True,2,9,0.5898897710364853,0.588367020087096,0.6777044780180087
vehkaoja_dogs,wavelet_RNN_low_data_nogyr,False,False,True,2,10,0.6447527260081699,0.6582800547318798,0.670554582675143
vehkaoja_dogs,wavelet_RNN_low_data_nogyr,False,False,True,2,11,0.534154104802496,0.5595322724660465,0.6866049364497376
vehkaoja_dogs,wavelet_RNN_low_data_nogyr,False,False,True,2,12,0.7191534719070737,0.7373335635581938,0.7490784010711714
vehkaoja_dogs,wavelet_RNN_low_data_nogyr,False,False,True,2,13,0.6720278173184625,0.7176813933116715,0.672078520036524
vehkaoja_dogs,wavelet_RNN_low_data_nogyr,False,False,True,2,14,0.5908034180753451,0.610738110900735,0.6082111658287638
vehkaoja_dogs,wavelet_RNN_low_data_nogyr,False,False,True,2,15,0.6182040917030134,0.627424085800786,0.6723517904896793
vehkaoja_dogs,wavelet_RNN_low_data_nogyr,False,False,True,2,16,0.6037167432392087,0.624125106165046,0.6490169836303131
vehkaoja_dogs,wavelet_RNN_low_data_nogyr,False,False,True,2,17,0.6418205887501836,0.6799772763706403,0.657390970391205
vehkaoja_dogs,wavelet_RNN_low_data_nogyr,False,False,True,3,18,0.5947523864812342,0.6523184301791133,0.7139810184040333
vehkaoja_dogs,wavelet_RNN_low_data_nogyr,False,False,True,3,19,0.7169173883035547,0.7177122210937521,0.737247722007364
vehkaoja_dogs,wavelet_RNN_low_data_nogyr,False,False,True,3,20,0.6153984374627541,0.6634089589454107,0.7349005166843819
vehkaoja_dogs,wavelet_RNN_low_data_nogyr,False,False,True,3,21,0.6087776970854065,0.6251932364463696,0.6506050744740793
vehkaoja_dogs,wavelet_RNN_low_data_nogyr,False,False,True,3,22,0.6395507452419079,0.7198640691572656,0.6550850505263696
vehkaoja_dogs,wavelet_RNN_low_data_nogyr,False,False,True,3,23,0.7076740665980485,0.7293224966619003,0.7287501028329456
vehkaoja_dogs,wavelet_RNN_low_data_nogyr,False,False,True,3,24,0.5971111042133533,0.6469735179844723,0.7505518675272992
vehkaoja_dogs,wavelet_RNN_low_data_nogyr,False,False,True,3,25,0.6690103331049683,0.6666813404659967,0.7054496571191698
vehkaoja_dogs,wavelet_RNN_low_data_nogyr,False,False,True,3,26,0.7363486478622789,0.7396430980820873,0.7730151437831253
vehkaoja_dogs,wavelet_RNN_low_data_nogyr,False,False,True,4,27,0.7724664978096759,0.7920666892864847,0.7975501373253753
vehkaoja_dogs,wavelet_RNN_low_data_nogyr,False,False,True,4,28,0.6763127451202572,0.766487245967716,0.6727659481461948
vehkaoja_dogs,wavelet_RNN_low_data_nogyr,False,False,True,4,29,0.6063876218796905,0.6101778790002119,0.6410991258674159
vehkaoja_dogs,wavelet_RNN_low_data_nogyr,False,False,True,4,30,0.5134984340150452,0.5334582732380649,0.6244319476919191
vehkaoja_dogs,wavelet_RNN_low_data_nogyr,False,False,True,4,31,0.6375678545453735,0.6524434220949682,0.6546119720622338
vehkaoja_dogs,wavelet_RNN_low_data_nogyr,False,False,True,4,32,0.5966438015700629,0.6650882732296384,0.711497045988012
vehkaoja_dogs,wavelet_RNN_low_data_nogyr,False,False,True,4,33,0.5561600743912031,0.5632444671656062,0.5834839302820759
vehkaoja_dogs,wavelet_RNN_low_data_nogyr,False,False,True,4,34,0.666515042319978,0.6840848035462305,0.6750136716033864
vehkaoja_dogs,wavelet_RNN_low_data_nogyr,False,False,True,4,35,0.6829983386749334,0.6854190932038782,0.7117503329058648
vehkaoja_dogs,CRNN_low_data_nogyr,False,False,True,1,0,0.7279381785374742,0.7615918518619194,0.747083817982332
vehkaoja_dogs,CRNN_low_data_nogyr,False,False,True,1,1,0.7170903366943769,0.7522223131272591,0.7327405256927508
vehkaoja_dogs,CRNN_low_data_nogyr,False,False,True,1,2,0.5287935549916541,0.6986982443967646,0.5820198626398612
vehkaoja_dogs,CRNN_low_data_nogyr,False,False,True,1,3,0.5769955214136467,0.6520498278616914,0.5893554501577858
vehkaoja_dogs,CRNN_low_data_nogyr,False,False,True,1,4,0.623824379848799,0.6846670821412264,0.6483382906896111
vehkaoja_dogs,CRNN_low_data_nogyr,False,False,True,1,5,0.4991558089783281,0.5005606118294323,0.5184166595325066
vehkaoja_dogs,CRNN_low_data_nogyr,False,False,True,1,6,0.5394563564027017,0.6514615297382298,0.7412481601784862
vehkaoja_dogs,CRNN_low_data_nogyr,False,False,True,1,7,0.4057221242881506,0.4862856628623836,0.45970669482397253
vehkaoja_dogs,CRNN_low_data_nogyr,False,False,True,1,8,0.556637902907542,0.5734034610579442,0.6103434913174858
vehkaoja_dogs,CRNN_low_data_nogyr,False,False,True,2,9,0.503811862043872,0.6265768314146481,0.5394892707451538
vehkaoja_dogs,CRNN_low_data_nogyr,False,False,True,2,10,0.446947573471327,0.5633344150490363,0.45781086020993733
vehkaoja_dogs,CRNN_low_data_nogyr,False,False,True,2,11,0.5055894480777051,0.5647918849698076,0.6052414183736281
vehkaoja_dogs,CRNN_low_data_nogyr,False,False,True,2,12,0.6122226636694703,0.7113584138909915,0.719544557651085
vehkaoja_dogs,CRNN_low_data_nogyr,False,False,True,2,13,0.6272748145537431,0.6512603313454016,0.6419034835150551
vehkaoja_dogs,CRNN_low_data_nogyr,False,False,True,2,14,0.5819738371207213,0.7088586477261544,0.6551812615838682
vehkaoja_dogs,CRNN_low_data_nogyr,False,False,True,2,15,0.5616761396200665,0.6831086800397026,0.6584336592649502
vehkaoja_dogs,CRNN_low_data_nogyr,False,False,True,2,16,0.6974175591408274,0.7593145404127797,0.7620226969543531
vehkaoja_dogs,CRNN_low_data_nogyr,False,False,True,2,17,0.4588464120496493,0.6221624703457981,0.5033840807320248
vehkaoja_dogs,CRNN_low_data_nogyr,False,False,True,3,18,0.516210653556345,0.6519446019436604,0.6492715263707928
vehkaoja_dogs,CRNN_low_data_nogyr,False,False,True,3,19,0.6889815370601478,0.6900087558443088,0.7204361967916125
vehkaoja_dogs,CRNN_low_data_nogyr,False,False,True,3,20,0.5862381371094348,0.6536210889460118,0.7409670324104571
vehkaoja_dogs,CRNN_low_data_nogyr,False,False,True,3,21,0.4700342193613016,0.6293533006970371,0.5871676491279108
vehkaoja_dogs,CRNN_low_data_nogyr,False,False,True,3,22,0.5916735385977675,0.6428334100703462,0.61845568283507
vehkaoja_dogs,CRNN_low_data_nogyr,False,False,True,3,23,0.5826180707129013,0.7424923906716882,0.6592880819170096
vehkaoja_dogs,CRNN_low_data_nogyr,False,False,True,3,24,0.56466457811277,0.6099894690508044,0.6833013670990008
vehkaoja_dogs,CRNN_low_data_nogyr,False,False,True,3,25,0.7260359452188048,0.7603861546080779,0.8059479318372933
vehkaoja_dogs,CRNN_low_data_nogyr,False,False,True,3,26,0.6567997289742402,0.7831714843358448,0.7770876662137578
vehkaoja_dogs,CRNN_low_data_nogyr,False,False,True,4,27,0.6799629499474757,0.726713215521764,0.7334669901467812
vehkaoja_dogs,CRNN_low_data_nogyr,False,False,True,4,28,0.652045086626429,0.7337962482719527,0.7174321694842486
vehkaoja_dogs,CRNN_low_data_nogyr,False,False,True,4,29,0.5868604737315497,0.605155148218076,0.6466212414906098
vehkaoja_dogs,CRNN_low_data_nogyr,False,False,True,4,30,0.5462716947426833,0.5721223854687081,0.6682359192602099
vehkaoja_dogs,CRNN_low_data_nogyr,False,False,True,4,31,0.682410916350143,0.6972993000004241,0.7095735529157597
vehkaoja_dogs,CRNN_low_data_nogyr,False,False,True,4,32,0.5693572209805112,0.657204818555551,0.6886223222230038
vehkaoja_dogs,CRNN_low_data_nogyr,False,False,True,4,33,0.5886357240176475,0.6243812065861619,0.6702545607088662
vehkaoja_dogs,CRNN_low_data_nogyr,False,False,True,4,34,0.5435853495640803,0.5512085406381946,0.5657967105940122
vehkaoja_dogs,CRNN_low_data_nogyr,False,False,True,4,35,0.6422857392464949,0.658812672314636,0.6734057537168265
vehkaoja_dogs,rf_low_data_nogyr,False,False,True,1,0,0.8291713373276277,0.8561167183611935,0.8214259157858734
vehkaoja_dogs,rf_low_data_nogyr,False,False,True,1,1,0.8248342545046043,0.8487213707967718,0.822569181768174
vehkaoja_dogs,rf_low_data_nogyr,False,False,True,1,2,0.6491019872446009,0.6665700843640735,0.7151803465865596
vehkaoja_dogs,rf_low_data_nogyr,False,False,True,1,3,0.786919670622563,0.8000929109981165,0.7971579271041113
vehkaoja_dogs,rf_low_data_nogyr,False,False,True,1,4,0.7887677868293576,0.8360796234633132,0.7848983292390997
vehkaoja_dogs,rf_low_data_nogyr,False,False,True,1,5,0.4889089958762303,0.4826164573374625,0.508799637291144
vehkaoja_dogs,rf_low_data_nogyr,False,False,True,1,6,0.6226916621957681,0.6202483023689559,0.7758774359968869
vehkaoja_dogs,rf_low_data_nogyr,False,False,True,1,7,0.43962237851916464,0.4791597587868786,0.46674544469817136
vehkaoja_dogs,rf_low_data_nogyr,False,False,True,1,8,0.6735508316527472,0.6632406134583541,0.7057382161710212
vehkaoja_dogs,rf_low_data_nogyr,False,False,True,2,9,0.6131020376209301,0.6536747009462185,0.6636492025248922
vehkaoja_dogs,rf_low_data_nogyr,False,False,True,2,10,0.6343676326968382,0.6696516400049473,0.6848812320369754
vehkaoja_dogs,rf_low_data_nogyr,False,False,True,2,11,0.6195094148678458,0.633288312198312,0.7628152764267656
vehkaoja_dogs,rf_low_data_nogyr,False,False,True,2,12,0.7384545589095339,0.7610806126417515,0.8053025030070036
vehkaoja_dogs,rf_low_data_nogyr,False,False,True,2,13,0.6662732086999607,0.6787608256816507,0.6803405312675386
vehkaoja_dogs,rf_low_data_nogyr,False,False,True,2,14,0.6714455833119115,0.7038781337433513,0.7187949804922682
vehkaoja_dogs,rf_low_data_nogyr,False,False,True,2,15,0.5496090854276839,0.6540840433617588,0.6084511903270804
vehkaoja_dogs,rf_low_data_nogyr,False,False,True,2,16,0.68871113983554,0.7295110433570301,0.74836969006493
vehkaoja_dogs,rf_low_data_nogyr,False,False,True,2,17,0.5363167941055103,0.5907885122404081,0.5643359867094376
vehkaoja_dogs,rf_low_data_nogyr,False,False,True,3,18,0.6039676813092743,0.6977719340823838,0.7381723035075637
vehkaoja_dogs,rf_low_data_nogyr,False,False,True,3,19,0.7426868607313764,0.8038009800823076,0.7582684221345279
vehkaoja_dogs,rf_low_data_nogyr,False,False,True,3,20,0.6114875149696501,0.6761842074623355,0.7703227638980059
vehkaoja_dogs,rf_low_data_nogyr,False,False,True,3,21,0.5259232056469595,0.7053529152810342,0.5743154425275482
vehkaoja_dogs,rf_low_data_nogyr,False,False,True,3,22,0.7011858834524651,0.8054527588282897,0.7096597461582
vehkaoja_dogs,rf_low_data_nogyr,False,False,True,3,23,0.662236653219052,0.6953342635877162,0.6764650721446048
vehkaoja_dogs,rf_low_data_nogyr,False,False,True,3,24,0.587720258344208,0.646821167533107,0.7503449046108938
vehkaoja_dogs,rf_low_data_nogyr,False,False,True,3,25,0.723914427976911,0.7787995813382935,0.734564024231392
vehkaoja_dogs,rf_low_data_nogyr,False,False,True,3,26,0.8810857659183189,0.9210023834881453,0.8855538698494783
vehkaoja_dogs,rf_low_data_nogyr,False,False,True,4,27,0.6896424235517519,0.7183754959947222,0.7098659891246476
vehkaoja_dogs,rf_low_data_nogyr,False,False,True,4,28,0.8854102854276552,0.8996151986233454,0.9058370392531822
vehkaoja_dogs,rf_low_data_nogyr,False,False,True,4,29,0.7454031888642995,0.8288619155288093,0.7452211199774063
vehkaoja_dogs,rf_low_data_nogyr,False,False,True,4,30,0.6431754304029534,0.6803311038798827,0.7440485932803085
vehkaoja_dogs,rf_low_data_nogyr,False,False,True,4,31,0.686833974258636,0.6831886009552806,0.7187268695223917
vehkaoja_dogs,rf_low_data_nogyr,False,False,True,4,32,0.6959100633356667,0.7588621938847038,0.7711517810887016
vehkaoja_dogs,rf_low_data_nogyr,False,False,True,4,33,0.7092015367837923,0.7725383921124453,0.7616313321104797
vehkaoja_dogs,rf_low_data_nogyr,False,False,True,4,34,0.6131601507128664,0.6937779694319592,0.5991081466002798
vehkaoja_dogs,rf_low_data_nogyr,False,False,True,4,35,0.8063407138799511,0.8093635872357106,0.807614866918789